geolocation_zip_code_prefix,lat,lng,city,state
1001,-23.550189776551765,-46.6340235559042,sao paulo,SP
1002,-23.54814573176355,-46.63497921074498,sao paulo,SP
1003,-23.54899372481316,-46.635731309975874,sao paulo,SP
1004,-23.549798842277006,-46.63475694378971,sao paulo,SP
1005,-23.549456199830747,-46.63673294803691,sao paulo,SP
1006,-23.55010181145287,-46.636136735174176,sao paulo,SP
1007,-23.550046202351666,-46.637251459637646,sao paulo,SP
1008,-23.54600174938346,-46.63588592135778,sao paulo,SP
1009,-23.546835208320868,-46.636490695312204,sao paulo,SP
1010,-23.54638943836927,-46.635226081509046,sao paulo,SP
1011,-23.54690864025111,-46.63558202636042,sao paulo,SP
1012,-23.547789733146864,-46.63485900505736,sao paulo,SP
1013,-23.5471420283239,-46.63423580006204,sao paulo,SP
1014,-23.545912805690417,-46.63361537124495,sao paulo,SP
1015,-23.54766574938348,-46.631558570722675,sao paulo,SP
1016,-23.54897640702995,-46.63235192955855,sao paulo,SP
1017,-23.54953127194786,-46.631023845552235,sao paulo,SP
1018,-23.550928517909007,-46.63243146837755,sao paulo,SP
1019,-23.551774137807584,-46.63089338270138,sao paulo,SP
1020,-23.55233565155142,-46.630049709845736,sao paulo,SP
1021,-23.543000459064803,-46.63214323386248,sao paulo,SP
1022,-23.544921826153427,-46.631931335611945,sao paulo,SP
1023,-23.542330784361457,-46.63137340438761,sao paulo,SP
1024,-23.54140143278026,-46.62990400057277,sao paulo,SP
1025,-23.540291945676326,-46.630928059419446,sao paulo,SP
1026,-23.539657127270946,-46.6318842127058,sao paulo,SP
1027,-23.538082328385336,-46.6306686750678,sao paulo,SP
1028,-23.535932541180536,-46.63355514575825,sao paulo,SP
1029,-23.541373048980535,-46.633415988443026,sao paulo,SP
1030,-23.53954929175343,-46.633023251513535,sao paulo,SP
1031,-23.54190585344045,-46.63508761691669,sao paulo,SP
1032,-23.540124454559955,-46.63519354379768,sao paulo,SP
1033,-23.539271437077804,-46.635878084214845,sao paulo,SP
1034,-23.542515317419948,-46.63736744880091,sao paulo,SP
1035,-23.541614488738944,-46.641549142526515,sao paulo,SP
1036,-23.541648452336283,-46.641443277359336,sao paulo,SP
1037,-23.545411016454082,-46.63892437204838,sao paulo,SP
1038,-23.54390737962768,-46.63999380609391,sao paulo,SP
1039,-23.54137085777194,-46.63916528885119,sao paulo,SP
1040,-23.541028179008823,-46.63832469496941,sao paulo,SP
1041,-23.54390458746036,-46.640046486444724,sao paulo,SP
1042,-23.54485294953175,-46.640410456031695,sao paulo,SP
1043,-23.545765991186382,-46.641502464541404,sao paulo,SP
1044,-23.545598238423416,-46.64145267015315,sao paulo,SP
1045,-23.542345366178562,-46.64252697570119,sao paulo,SP
1046,-23.545930039168812,-46.64399751778182,sao paulo,SP
1047,-23.546187607081748,-46.64106743356167,sao paulo,SP
1048,-23.54711318884073,-46.63983987489639,sao paulo,SP
1049,-23.54701123674601,-46.63916570493306,sao paulo,SP
1050,-23.54922916358051,-46.64303023455153,sao paulo,SP
1101,-23.528286860378213,-46.631957535031056,sao paulo,SP
1102,-23.52557140695574,-46.63028748439394,sao paulo,SP
1103,-23.53546844605213,-46.630290773383486,sao paulo,SP
1104,-23.534952165368537,-46.62957039061347,sao paulo,SP
1105,-23.53409398177586,-46.629077680173324,sao paulo,SP
1106,-23.53022077513783,-46.62822125953078,sao paulo,SP
1107,-23.52608789203137,-46.6295898871866,sao paulo,SP
1108,-23.527232171325494,-46.63035441819986,sao paulo,SP
1109,-23.524624899587646,-46.627103243360565,sao paulo,SP
1120,-23.530162529753113,-46.63951141166309,sao paulo,SP
1121,-23.527866658998825,-46.635256920492864,sao paulo,SP
1122,-23.53113059653861,-46.638324826141925,sao paulo,SP
1123,-23.529164543710603,-46.636582392674725,sao paulo,SP
1124,-23.528221233825743,-46.6330954010969,sao paulo,SP
1125,-23.52728844957164,-46.64016432350874,sao paulo,SP
1126,-23.52706654933756,-46.6391527868084,sao paulo,SP
1127,-23.52548080336663,-46.64159548852641,sao paulo,SP
1128,-23.523786738657147,-46.64220966455253,sao paulo,SP
1129,-23.524051385464382,-46.64507304012999,sao paulo,SP
1130,-23.52483082086712,-46.64492992157746,sao paulo,SP
1131,-23.522379737671027,-46.64310784736644,sao paulo,SP
1132,-23.52153987930432,-46.64873923331728,sao paulo,SP
1133,-23.52042428170985,-46.65332230946677,sao paulo,SP
1134,-23.518899939878285,-46.65269033643667,sao paulo,SP
1135,-23.52619042672918,-46.650970041202214,sao paulo,SP
1136,-23.523986920181713,-46.66135135045779,sao paulo,SP
1137,-23.522851480322114,-46.65280923153935,sao paulo,SP
1138,-23.522455823939264,-46.65525390366426,sao paulo,SP
1139,-23.520724956071753,-46.66593897144172,sao paulo,SP
1140,-23.52043844370904,-46.66923716844039,sao paulo,SP
1141,-23.520310325905555,-46.666439013917504,sao paulo,SP
1142,-23.519934305152635,-46.6251300217966,sao paulo,SP
1144,-23.523572749295845,-46.67242459028445,sao paulo,SP
1150,-23.53295302359728,-46.658245942661345,sao paulo,SP
1151,-23.531641584683715,-46.656288753249086,sao paulo,SP
1152,-23.529884845741268,-46.65527643333266,sao paulo,SP
1153,-23.529930846298754,-46.653549086904356,sao paulo,SP
1154,-23.530535897249937,-46.65929570388055,sao paulo,SP
1155,-23.529072884025176,-46.66331995168207,sao paulo,SP
1156,-23.528921138302913,-46.66643724514499,sao paulo,SP
1189,-23.53210825506378,-46.63839470107914,sao paulo,SP
1200,-23.531567773241413,-46.64986907784642,sao paulo,SP
1201,-23.53608280967418,-46.649539390469315,sao paulo,SP
1202,-23.533742576459336,-46.64828045105447,sao paulo,SP
1203,-23.53596465666132,-46.64529955632679,sao paulo,SP
1204,-23.535992639468514,-46.64408982260722,sao paulo,SP
1205,-23.536490774893963,-46.64264196680963,sao paulo,SP
1206,-23.53586368511747,-46.64281871336397,sao paulo,SP
1207,-23.539175560135185,-46.63865415001012,sao paulo,SP
1208,-23.538660495662256,-46.63898204602016,sao paulo,SP
1209,-23.540695255566067,-46.64158293572283,sao paulo,SP
1210,-23.540039340558916,-46.64209131081347,sao paulo,SP
1211,-23.53757657410565,-46.648837901189005,sao paulo,SP
1212,-23.538268511790665,-46.63942263256764,sao paulo,SP
1213,-23.53650149461516,-46.64036116340707,sao paulo,SP
1214,-23.538842493961862,-46.645230453060144,sao paulo,SP
1215,-23.536167399914945,-46.64754185786535,sao paulo,SP
1216,-23.533127593964494,-46.647833807450674,sao paulo,SP
1217,-23.532657557836487,-46.648883992986306,sao paulo,SP
1218,-23.531249798864057,-46.648325141054045,sao paulo,SP
1219,-23.54128881428637,-46.64569860301066,sao paulo,SP
1220,-23.544514011109737,-46.64603990221942,sao paulo,SP
1221,-23.544867697472082,-46.64828171537101,sao paulo,SP
1222,-23.545944543972997,-46.64936937401519,sao paulo,SP
1223,-23.544088116558562,-46.6485821171502,sao paulo,SP
1224,-23.54177865147579,-46.65242233963953,sao paulo,SP
1225,-23.53978602121373,-46.64913883151016,sao paulo,SP
1226,-23.538010108905684,-46.652719268127555,sao paulo,SP
1227,-23.546201912968815,-46.658384582733994,sao paulo,SP
1228,-23.545189379286004,-46.657610856988455,sao paulo,SP
1229,-23.538901609843467,-46.657291130376834,sao paulo,SP
1230,-23.536310405918027,-46.65711200863413,sao paulo,SP
1231,-23.536950407426133,-46.65925589278497,sao paulo,SP
1232,-23.53642800353018,-46.65742601137803,sao paulo,SP
1233,-23.536246540149957,-46.66166521796578,sao paulo,SP
1234,-23.539689562251546,-46.66424403546395,sao paulo,SP
1235,-23.536714276862273,-46.66466630391698,sao paulo,SP
1236,-23.543550224431343,-46.66741941090643,sao paulo,SP
1237,-23.54323445101232,-46.668724402289044,sao paulo,SP
1238,-23.542571396851145,-46.65424333104067,sao paulo,SP
1239,-23.543095270084798,-46.631059196217635,sao paulo,SP
1240,-23.543791843442868,-46.658543962529855,sao paulo,SP
1241,-23.54552478660237,-46.65784019308335,sao paulo,SP
1242,-23.546506947085888,-46.65850174642453,sao paulo,SP
1243,-23.548120304994384,-46.65919184884556,sao paulo,SP
1244,-23.56204912797664,-46.65959031403356,sao paulo,SP
1245,-23.5494755238467,-46.66382107418295,sao paulo,SP
1246,-23.55348129524968,-46.666318477031005,sao paulo,SP
1247,-23.55063807285042,-46.66865580450115,sao paulo,SP
1248,-23.54791252484105,-46.6680263133255,sao paulo,SP
1249,-23.54841989244908,-46.67122044555848,sao paulo,SP
1250,-23.547640483075995,-46.671972633543334,sao paulo,SP
1251,-23.54837451640475,-46.67484647170287,sao paulo,SP
1252,-23.541753975470872,-46.67893404000763,sao paulo,SP
1253,-23.54492912635292,-46.679164692087,sao paulo,SP
1254,-23.543337420255035,-46.680852402934015,sao paulo,SP
1255,-23.546369835319183,-46.68154172682528,sao paulo,SP
1256,-23.547773256174622,-46.682838349154586,são paulo,SP
1257,-23.54360983905432,-46.687838575110746,sao paulo,SP
1258,-23.544037017325074,-46.686850912471364,sao paulo,SP
1259,-23.541418553843283,-46.68530389676934,sao paulo,SP
1262,-23.550856391462712,-46.67735184892536,sao paulo,SP
1290,-23.54096134139296,-46.657748702752585,são paulo,SP
1301,-23.549328970281223,-46.65089009868754,sao paulo,SP
1302,-23.549002921262293,-46.6495522786361,sao paulo,SP
1303,-23.54950569815466,-46.64843251428849,sao paulo,SP
1304,-23.554056434811184,-46.655202368713134,sao paulo,SP
1305,-23.552622735865256,-46.652538288772064,sao paulo,SP
1306,-23.553785206718914,-46.649605096945386,sao paulo,SP
1307,-23.55277801011571,-46.65320770049062,sao paulo,SP
1308,-23.555981373614504,-46.65331111428114,sao paulo,SP
1309,-23.555493080015935,-46.658452189500665,sao paulo,SP
1310,-23.561652948469515,-46.65602130430728,sao paulo,SP
1311,-23.564504609380947,-46.652792655953206,sao paulo,SP
1312,-23.554793872613402,-46.64961491794625,sao paulo,SP
1313,-23.556111699158382,-46.65057380587249,sao paulo,SP
1314,-23.552640734461253,-46.64520437763303,sao paulo,SP
1315,-23.55408999997805,-46.640389095697635,sao paulo,SP
1316,-23.55295484539391,-46.6394328193213,sao paulo,SP
1317,-23.556238213645067,-46.640059865228494,sao paulo,SP
1318,-23.559447989888127,-46.642412737332194,sao paulo,SP
1319,-23.55188165773143,-46.640727972716256,sao paulo,SP
1320,-23.557955062291963,-46.639347399325395,sao paulo,SP
1321,-23.56212863488459,-46.64191854981315,sao paulo,SP
1322,-23.56317165882958,-46.64345614157524,sao paulo,SP
1323,-23.56573478465023,-46.64147810312641,sao paulo,SP
1324,-23.55521473546572,-46.643150740203204,sao paulo,SP
1325,-23.557390163497686,-46.644458336676024,sao paulo,SP
1326,-23.55653901468896,-46.645439561798014,sao paulo,SP
1327,-23.565113424714426,-46.644944579328765,sao paulo,SP
1328,-23.555992686485013,-46.64679480230547,sao paulo,SP
1329,-23.56197752132482,-46.64728109566715,sao paulo,SP
1330,-23.559037886116048,-46.64945883730208,sao paulo,SP
1331,-23.56266441471218,-46.64999665805783,sao paulo,SP
1332,-23.559568587578646,-46.65245164487606,sao paulo,SP
1333,-23.56643505240895,-46.64756359661896,sao paulo,SP
1401,-23.575807250351687,-46.6586546272466,sao paulo,SP
1402,-23.574837390049076,-46.65739203989358,sao paulo,SP
1403,-23.56875503877107,-46.65340944414581,sao paulo,SP
1404,-23.568544733628446,-46.65578027665806,sao paulo,SP
1405,-23.564762579634394,-46.65513838518373,sao paulo,SP
1406,-23.574814338967826,-46.67029927274052,sao paulo,SP
1407,-23.576111884428947,-46.67139205737759,sao paulo,SP
1408,-23.56711189502811,-46.66081341581779,sao paulo,SP
1409,-23.56146082458661,-46.6582620039177,sao paulo,SP
1410,-23.562831445869627,-46.66092524802457,sao paulo,SP
1411,-23.56424786754298,-46.66405956794994,sao paulo,SP
1412,-23.563651580737666,-46.66602412107524,sao paulo,SP
1413,-23.561814504124452,-46.664033954271915,sao paulo,SP
1414,-23.559623493719684,-46.663496455320605,sao paulo,SP
1415,-23.55609171648326,-46.660462198375534,sao paulo,SP
1416,-23.560692913961415,-46.6676885326705,sao paulo,SP
1417,-23.55277885309958,-46.63393189503633,sao paulo,SP
1418,-23.56411614903987,-46.65527239864379,sao paulo,SP
1419,-23.563541620009783,-46.655949613048826,sao paulo,SP
1420,-23.563435490498804,-46.657916039196984,sao paulo,SP
1421,-23.563299264968794,-46.66015369245716,sao paulo,SP
1422,-23.563961910707366,-46.661132368415885,sao paulo,SP
1423,-23.5691451171934,-46.65734766505131,sao paulo,SP
1424,-23.568041456805936,-46.66139884320943,sao paulo,SP
1425,-23.57289853249542,-46.65924739236762,sao paulo,SP
1426,-23.56586039709828,-46.666031696326776,sao paulo,SP
1427,-23.571044764791594,-46.664068614217655,sao paulo,SP
1428,-23.573938872860044,-46.66232632374679,sao paulo,SP
1429,-23.576384455529094,-46.662900007074334,sao paulo,SP
1430,-23.65614006235602,-46.66250204609212,sao paulo,SP
1431,-23.620388779836066,-46.66476818452366,sao paulo,SP
1432,-23.576485879805993,-46.6657860583567,sao paulo,SP
1433,-23.57840745461661,-46.66837295595987,sao paulo,SP
1434,-23.574646544842807,-46.672377399015254,sao paulo,SP
1435,-23.579321845605374,-46.67017866896868,sao paulo,SP
1436,-23.57245538592821,-46.66798871616942,sao paulo,SP
1437,-23.5721412540443,-46.67150329618942,sao paulo,SP
1438,-23.569803708774252,-46.67226487905968,sao paulo,SP
1439,-23.566289488092035,-46.673571417782284,sao paulo,SP
1440,-23.568289458157125,-46.67817024606098,sao paulo,SP
1441,-23.570603894261335,-46.68373209675989,sao paulo,SP
1442,-23.566530732061704,-46.67861605515884,sao paulo,SP
1443,-23.568268938910105,-46.68450786333133,sao paulo,SP
1444,-23.573235541829785,-46.68752695447545,sao paulo,SP
1445,-23.57103798335723,-46.6880680072701,sao paulo,SP
1446,-23.575583788550983,-46.675498893884544,sao paulo,SP
1447,-23.572786809489713,-46.67888556258398,sao paulo,SP
1448,-23.578237896388124,-46.6798226933562,sao paulo,SP
1449,-23.57611691772789,-46.67995669824681,sao paulo,SP
1450,-23.576453178872974,-46.68518508958671,sao paulo,SP
1451,-23.577435950107763,-46.68698984950365,sao paulo,SP
1452,-23.574996445978105,-46.68887938403559,sao paulo,SP
1453,-23.584059003974733,-46.686376108944685,sao paulo,SP
1454,-23.582376976278088,-46.68670275509791,sao paulo,SP
1455,-23.5805541360028,-46.69112136854047,sao paulo,SP
1456,-23.576839765441044,-46.690987249007264,sao paulo,SP
1457,-23.575237809829588,-46.69270350960497,sao paulo,SP
1472,-23.57054369248079,-46.69129667943905,sao paulo,SP
1489,-23.57664998889148,-46.68740004775216,sao paulo,SP
1501,-23.552469356196873,-46.63548543836741,sao paulo,SP
1502,-23.55460594212854,-46.635492561139046,sao paulo,SP
1503,-23.557709002952702,-46.63676937101554,sao paulo,SP
1504,-23.566860580458098,-46.63950529622234,sao paulo,SP
1505,-23.55526761118644,-46.63182476204627,sao paulo,SP
1506,-23.559558667862476,-46.635032185031825,sao paulo,SP
1507,-23.558146418434657,-46.63176589052542,sao paulo,SP
1508,-23.56142363121043,-46.63583005941286,sao paulo,SP
1509,-23.567010080253134,-46.6357981412501,sao paulo,SP
1510,-23.55760216498659,-46.63361528281082,sao paulo,SP
1511,-23.561456812728604,-46.63294793571508,sao paulo,SP
1512,-23.55371720607981,-46.629499097304134,sao paulo,SP
1513,-23.548914356972645,-46.60384461609752,sao paulo,SP
1514,-23.55437781878454,-46.628337768628526,sao paulo,SP
1516,-23.559073244239702,-46.615479964241814,sao paulo,SP
1517,-23.559613278440462,-46.624003480698924,sao paulo,SP
1518,-23.559209262391253,-46.62318692012759,sao paulo,SP
1519,-23.56092636240119,-46.62475706787166,sao paulo,SP
1520,-23.559378269055898,-46.62016401941447,sao paulo,SP
1521,-23.561174444941713,-46.62150903166886,sao paulo,SP
1522,-23.559920265800766,-46.61598186753573,sao paulo,SP
1523,-23.564203478452267,-46.61689706470856,sao paulo,SP
1524,-23.567783274833246,-46.61340053805785,sao paulo,SP
1525,-23.564028977467743,-46.634953911249525,sao paulo,SP
1526,-23.565952267759908,-46.630943918566196,sao paulo,SP
1527,-23.56243917352596,-46.62919220917374,sao paulo,SP
1528,-23.564770045306158,-46.627165924834166,sao paulo,SP
1529,-23.56843915687453,-46.634555491641365,sao paulo,SP
1530,-23.56894449806347,-46.63008918820539,sao paulo,SP
1531,-23.570760627713355,-46.632425247383914,sao paulo,SP
1532,-23.570534217612966,-46.6361118769605,sao paulo,SP
1533,-23.57116812309982,-46.638364543350306,sao paulo,SP
1534,-23.56754359015962,-46.626085143450275,sao paulo,SP
1535,-23.572433214905786,-46.625241361882196,sao paulo,SP
1536,-23.56903213145491,-46.623436273556386,sao paulo,SP
1537,-23.57442284838845,-46.623137264431584,sao paulo,SP
1538,-23.576312823278336,-46.623629347944245,sao paulo,SP
1539,-23.5711528559151,-46.62043601303771,sao paulo,SP
1540,-23.565851346289616,-46.62258150860084,sao paulo,SP
1541,-23.56925274057871,-46.61861697305809,sao paulo,SP
1542,-23.57106582708015,-46.62406014113324,sao paulo,SP
1543,-23.573720975073687,-46.62387176826929,sao paulo,SP
1544,-23.577255432718097,-46.62163174221563,sao paulo,SP
1545,-23.58097414309849,-46.61831033162644,sao paulo,SP
1546,-23.579039318151207,-46.62195565179699,sao paulo,SP
1547,-23.5829939617234,-46.62112676164033,sao paulo,SP
1548,-23.576927145286824,-46.613420785200006,sao paulo,SP
1549,-23.576317533999337,-46.615586656693765,sao paulo,SP
1550,-23.57305660659289,-46.616150545611475,sao paulo,SP
1551,-23.572737912267932,-46.61268007361107,sao paulo,SP
1552,-23.56949069519509,-46.611321773237286,sao paulo,SP
1553,-23.57448792318107,-46.60919807994077,sao paulo,SP
2009,-23.515799103830265,-46.64113909097136,sao paulo,SP
2010,-23.51056158921295,-46.62635497331379,sao paulo,SP
2011,-23.5043850341285,-46.626621045901096,sao paulo,SP
