review_id,order_id,review_score,review_comment_title,review_comment_message,review_creation_date,review_answer_timestamp,has_comment
97ca439bc427b48bc1cd7177abe71365,00010242fe8c5a6d1ba2dd792cb16214,5,,"Perfeito, produto entregue antes do combinado.",2017-09-21,2017-09-22 10:57:03,True
7b07bacd811c4117b742569b04ce3580,00018f77f2f0320c557190d7a144bdd3,4,,,2017-05-13,2017-05-15 11:34:13,False
0c5b33dea94867d1ac402749e5438e8b,000229ec398224ef6ca0657da4fc703e,5,,Chegou antes do prazo previsto e o produto surpreendeu pela qualidade. Muito satisfatório.,2018-01-23,2018-01-23 16:06:31,True
f4028d019cb58564807486a6aaf33817,00024acbcdf0a6daa1e931b038114c75,4,,,2018-08-15,2018-08-15 16:39:01,False
940144190dcba6351888cafa43f3a3a5,00042b26cf59d7ce69dfabb4e55b4fd9,5,,Gostei pois veio no prazo determinado .,2017-03-02,2017-03-03 10:54:59,True
5e4e50af3b7960b7a10d86ec869509e8,00048cc3ae777c65dbb7d2a0634bc1ea,4,,,2017-05-23,2017-05-24 19:00:09,False
0381de7572d99d75230ce91207807265,00054e8431b9d7675808bcb819fb4a32,4,,,2017-12-19,2017-12-29 02:40:12,False
f0733ebeb51b637dfdc953983c867b89,000576fe39319847cbb9d288c5617fa6,5,,,2018-07-10,2018-07-11 20:14:25,False
67b1ab8f3ec19d5a90f153f21757d3a1,0005a1a1728c9d785b8e2b08b904576c,1,,"Na descrição do produto quando fui efetuar a compra, estava detalhado os pentes de disfarce.
Quando recebe o produto verifiquei e notei que não havia os pentes 0.5 e 1.5",2018-03-30,2018-04-02 00:52:01,True
5c0b7e34ed85ec659bb064902d878e7a,0005f50442cb953dcd1d21e1fb923495,4,,,2018-07-05,2018-07-05 23:17:04,False
7e92c32ae297ef950ee69781d9f1760c,00061f2a7bc09da83e415a52dc8a4af1,5,,"A caixa do produto veio com uma pequena avariação, mas de resto veio perfeito...",2018-03-30,2018-03-30 04:04:56,True
5595c192e3c1566ab4e7a2748b8ed297,00063b381e2406b52ad429470734ebd5,5,,"Fiquei um pouco triste, achei que a cor do coração seria verde, conforme a foto..... Mas depois que recebi o coração cor de rosa que fui ver que são imagens ilustrativas...... 😥",2018-08-08,2018-08-09 00:12:30,True
6322c405c0f34bf3ad870fd1a6b1fced,0006ec9db01a64e59a68b2c340bf65a7,5,Boa,Excelente serviço de compras on line.,2018-07-31,2018-08-01 23:05:10,True
5505c1cce299b1e0b3f8e4b428417362,0008288aa423d2a3f00fcb17cd7d8719,5,,,2018-02-27,2018-03-02 10:20:40,False
236ccf78a5c4c350c18fdc1ae12b0187,0009792311464db532ff765bf7b182ae,5,,,2018-08-23,2018-08-23 16:11:56,False
787a452b54147f8f64737b1e040234af,0009c9a17f916a706d71784483a5d643,4,,,2018-05-01,2018-05-01 21:14:43,False
00800678dcf28b0ea0caef2147b6945d,000aed2e25dbad2f9ddb70584c5a2ded,1,produto não entregue,"Mudo minha opinião assim que receber o produto.
Consta no site que o produto foi entregue, mas não recebi.",2018-05-19,2018-05-22 10:52:24,True
51b9186876d4708a91786f8517fe7106,000c3e6612759851cc3cbb4b83257986,5,,Recebi td certinho antes do prazo! ,2017-08-20,2017-08-20 19:56:31,True
3b9a423bdbe8734ddfeb09bced16e5d9,000e562887b1f2006d75e0be9558292e,3,,Bom produto,2018-03-13,2018-03-13 23:03:22,True
06f45fcd8b9b54c30b0de110eb849228,000e63d38ae8c00bbcb5a30573b99628,3,,5,2018-03-28,2018-03-28 18:32:10,True
a5fb93d6a9e707bd84c07da74e8d79fd,000e906b789b55f64edcb1f84030f90d,3,,,2017-12-09,2017-12-11 09:55:13,False
775038877f3c507777081ff685e14a60,000f25f4d72195062c040b12dce9a18a,4,,,2018-03-23,2018-03-24 04:17:06,False
fa2d523cc60173d4889520763a2e4851,001021efaa8636c29475e7734483457d,4,,super recomendo,2018-03-09,2018-03-13 14:04:38,True
f55e59915a07435c3615737a15470d96,0010b2e5201cc5f1ae7e9c6cc8f5bd00,5,,,2017-09-24,2017-09-24 18:35:01,False
d5d01007883616401b65674911160c82,0010dedd556712d7bb69a19cb7bbd37a,1,,nao recebi o produto,2017-11-08,2017-11-08 10:51:37,True
e79b1300216401c0212ab9b5a66372ff,00119ff934e539cf26f92b9ef0cdfed8,5,,"Recebi o long 10 dias após a compra, e chegou em perfeito estado. A ilustração é idêntica à imagem do site. O material é de ótima qualidade e o tamanho é perfeito. Recomendo ! ",2017-08-17,2017-08-18 00:24:35,True
04a15fdeccc0572ca4f52b16cd50408a,0011d82c4b53e22e84023405fb467e57,4,,,2018-01-27,2018-01-28 13:18:49,False
08af1a16cca5edd546f4a10b6e87af2e,00125cb692d04887809806618a2a145f,5,,"produto como descrito, satisfeitíssima com a compra.",2017-04-08,2017-04-13 16:42:37,True
4ff9a24999699f7104ed23fec2563351,00130c0eee84a3d909e75bc08c5c3ca1,5,Super Recomendo,"Produto entregue adequadamente e muito rápido, gostei muito do serviço.",2018-06-14,2018-06-14 19:50:09,True
b5c9aa83935388c89bd9b1b2ce6d1439,0013503b13da1eac686219390b7d641b,5,,,2017-12-21,2017-12-24 05:03:01,False
fe1711409007a1243f6fa3a1118d416c,00137e170939bba5a3134e2386413108,4,,,2017-12-12,2017-12-13 11:08:31,False
174a50ecc3181301a3585ff14ab5f98b,001427c0ec99cf8af737bd88e92fd444,2,,,2018-04-26,2018-04-29 11:07:36,False
81c4070474d420a77a2254b8a5473f6a,0014ae671de39511f7575066200733b7,5,,,2017-06-08,2017-06-09 14:25:13,False
282ec15daab81bd9afe2452fa0ee7b39,0015ebb40fb17286bea51d4607c4733c,5,,,2018-02-02,2018-02-03 09:38:42,False
28e20f3ef22e8795ea14e65f54e087a3,00169e31ef4b29deaae414f9a5e95929,1,,Entrega muito demorada. Ainda não recebi o produto,2018-01-24,2018-01-24 23:36:29,True
f11d548dc1a7c713bff0b6d2ef0dff7c,0016dfedd97fc2950e388d2971d718c7,5,,,2017-05-23,2017-05-24 20:08:51,False
f7bbac6b6901d7636435ea406a856e34,0017afd5076e074a48f1f1a4c7bac9c5,1,,,2017-05-21,2017-05-21 11:30:42,False
164fba09ca80765e400c72749b58c267,001862358bf858722e1e2ae000cfed8b,5,,"Adorei, compro novamente!",2018-02-16,2018-02-20 14:11:32,True
1e8067a9f38deb9426d4278fa2d213d0,0019c29108428acffd089c36103c9440,5,,Produto real.,2018-03-17,2018-03-20 16:33:35,True
68b49cfcd9420c6ad09af97ea8268e7c,001ab0a7578dd66cd4b0a71f5b6e1e41,4,,Loja rápida na entrega. Só houve um incidente pelo fato de não vim o produto escolhido e sim um similar.,2018-01-18,2018-01-25 03:07:10,True
95ae5c0c6595c9f75ddc037cca0596ae,001ac194d4a326a6fa99b581e9a3d963,5,,Entregaram do prazo ,2018-07-13,2018-07-13 21:02:34,True
ed0405017b21b89fe55282aca123eeec,001b76dd48a5b1eee3e87778daa40df8,5,,Tudo ok e dentro do prazo,2018-04-07,2018-04-08 01:01:25,True
bef8f895661652ee0f5dbc2626864df3,001c85b5f68d2be0cb0797afc9e8ce9a,2,,,2017-12-16,2017-12-20 21:03:14,False
51ebb8fede4fbe6126f9f85ebdd23166,001d8f0e34a38c37f7dba2a37d4eba8b,1,,Entrega prometida 24/05/17. Dia 26/05/17 não havia recebido ainda.,2017-05-26,2017-05-26 20:19:13,True
df246bd48fbc0a0c9a7d4979c9192eec,001daeb0eddc45b999bad0801ad9d273,5,,"Produto aparentemente ótimo, chegou muito antes do prazo estipulado pelo site. Pena que comprei o produto errado ""era para ser bomba submersa com filtro"". Mas, já estou resolvendo tudo quanto a troca.",2017-06-09,2017-06-10 02:19:55,True
87d38823c8e926b57ec61e64f5466cfd,001dbc16dc51075e987543d23a0507c7,5,,,2017-02-14,2017-02-20 17:07:46,False
963e12d9a7c84e15c199bb5f062e599f,001e7ba991be1b19605ca0316e7130f9,5,,,2017-03-29,2017-03-31 14:40:45,False
048baba3f11436d12b06dab572aafc21,001e7cf2ad6bef3ade12ebc56ceaf0f3,1,Pessima,O produto chegou e estragou sozinho,2018-06-05,2018-06-06 19:01:54,True
1079dbb2bd2dd071f7d04a1925da6ce5,0020262c8a370bd5a174ea6a2a267321,4,,,2017-12-03,2017-12-03 17:06:39,False
ac2538373fcfab2aff0709fbc7ec69c9,0020a222f55eb79a372d0efee3cca688,5,,Muito bom recomendo,2017-08-25,2017-08-26 05:26:29,True
78412bf6c796b43df999fd87750d28ea,002175704e8b209f61b9ad5cfd92b60e,4,Recomendo,Produto como descrito. Mas não gostei pq o som do alarme é muito baixo.. ,2018-05-03,2018-05-06 13:42:10,True
cca0db795bf22a3a505e44024fcf0b8e,00229e4e43f7a7e0b9dd819ad43268d3,5,,,2018-04-06,2018-04-10 00:22:02,False
13de33fd67cb2f1a941f7a0cd217d577,0025081dcf9330f9a5052ae82c6ce396,5,,,2018-04-06,2018-04-07 11:41:49,False
d48d8cf67fee1056aef5deb18770de55,00254baeb6c932b0a8aeead91fbd02b5,5,,,2018-05-31,2018-05-31 23:19:37,False
82588c155bfa9331acb3f976fe040c4b,00259a44fcad3fc0474329e925d14fc3,4,,"Otimo vendedor
",2018-01-05,2018-01-07 21:46:43,True
eba375fa5fe6f3dc7ca2aa6682b46170,0025c5d1a8ca53a240ec2634bb4492ea,5,sensacional,"ótimo produto, bom acabamento. Para quem está começando nesse estudo sobre o universo, principalmente estudantes é uma ótima ferramenta. Tenho feito vários estudos com o auxilio do telescópio.",2018-08-01,2018-08-03 15:21:12,True
011f1e2ec26785d96724be3856e60055,002611a77fe03d076285fd4ca95db77c,4,,,2018-03-23,2018-03-30 13:42:41,False
9d69d3d0d3cebcc39eeadb453905388f,002691433f09002ac9ca0c4e8dbb8ead,5,,Chegou e está OK.,2017-02-08,2017-02-11 13:47:50,True
ed7cc4092834fc4d48b7d9d125d7c657,0026a368634b6e6f34f33b1499773a30,4,,"Adoro comprar com vocês, continuem assim",2017-11-08,2017-11-17 10:08:24,True
3e33eee1e8cd67541aec8fbd66a0f6d8,00275bce676303c3bfd7292aefdfa223,5,,"Muito bom, so não testei ainda o produto mas super recomendo",2017-12-05,2017-12-05 23:23:00,True
b3dcedadaed163a8399075eadf60581c,00276d5c3491fbf55305e26891040df9,4,,,2018-03-17,2018-03-19 19:34:18,False
35f26611c00c2632ba92df91ef05229e,002834535f7a609a5c68266f173fa59e,5,,,2018-08-11,2018-08-13 11:34:35,False
d7f07b2b408422e5bbf4608fd36b37d7,0028de0ca693a1bb26448916a81105cc,4,,,2018-08-29,2018-08-30 01:44:58,False
ba0252394ceecca6d0e9803d75182eb5,002955b0acc63d04f6724a31967e82bd,5,,,2017-12-27,2018-01-02 13:37:52,False
14f0810885e1daa91bb78878cba6da41,0029c5db35ef291ce99d1262012e7daa,4,,,2018-08-31,2018-09-03 00:48:34,False
6ef7f7fe808269bfcaa4ff5a3d1b1bb3,0029f17cf0e7640c5cb6825af681303f,5,,,2018-05-11,2018-05-14 13:13:34,False
1e364417d579f43eb3ea4f4eafe289db,002af7fa9eb99d1456bceb6a13d6fc0b,4,,ok,2018-03-13,2018-03-23 22:20:28,True
91048655e4128b6838c0086cf2daddab,002b430ff89b3a24c31a1170acbbedea,5,,ótimo produto,2017-06-30,2017-07-01 00:58:12,True
85da16503a576748ee5544bd8a5b9355,002b4e6fa42cd4a22cc86abc18fe9c05,5,,Produto de bom custo beneficio.,2018-03-20,2018-03-21 09:57:37,True
7428934dc38633d863711567fcc1d567,002c9def9c9b951b1bec6d50753c9891,4,,,2018-05-19,2018-05-21 19:39:17,False
3174be472473a1a73da9880380e7f740,002d040018d12a3853c059f7f23ab5b1,3,,,2017-11-28,2017-11-30 19:44:06,False
7f002c0ea8eab081c295155138f964e7,002f16b7bc4530031b7d90f791b12d8a,5,,,2018-07-07,2018-07-08 00:15:34,False
396eacbff771557619771e8d4b58ee77,002f19a65a2ddd70a090297872e6d64e,3,,Minha mercadoria não chegou e ninguém entrou em contato para resolver nada...,2018-04-18,2018-04-20 05:01:01,True
6d1c23083e960eaa5daa7505e8aa7071,002f98c0f7efd42638ed6100ca699b42,5,,,2017-08-08,2017-08-08 23:26:12,False
fb438ee1afd42dc7a34710a4d343917b,0030d783f979fbc5981e75613b057344,1,,"Comprei dois produtos no mesmo dia, sexta-feira de black friday, no início de dezembro. O jogo de panelas tramontina chegou dentro do prazo, que era até o dia 11-12, mas a pipoqueira ainda não chegou.",2017-12-17,2017-12-19 20:26:21,True
f1ad116b3cd3a668471e641bece92f7f,0030ff924c38549807645976adeef2c0,5,,,2018-04-17,2018-04-18 09:17:45,False
8f28fc7d29a09403973697645d73b72a,00310b0c75bb13015ec4d82d341865a4,1,,,2018-08-31,2018-08-31 22:49:14,False
8a8cd62f1260f732c65c5e2ac41e7e23,00324b3eda39ba5ecce3945823e3594c,5,,,2018-05-04,2018-05-06 01:41:52,False
34592a91e941932fcf44fd337be968d2,0032d07457ae9c806c79368d7d9ce96b,1,,,2018-04-19,2018-04-19 10:53:08,False
ed469dda40b1b7f0660b24aa1b043b57,003324c70b19a16798817b2b3640e721,1,,Comprei duas mochilas e recebi somente um produto é o valor vocês estão cobrando de dois produtos queto devolução do produto é meu ressarcimento,2017-05-31,2017-05-31 23:23:57,True
dc2986ec0f6f6b2238ba9b0c853d3e59,00335f75ea6a4455b524a8dd177067f5,5,,,2018-05-04,2018-05-07 09:42:41,False
c62fad0a8dd9f5af876adc1e2041758d,00337fe25a3780b3424d9ad7c5a4b35e,5,,,2017-09-28,2017-09-28 21:44:15,False
f58325a189b533108ea7141e53ee15ba,003423b755b562962a6225a8de40d12e,3,,,2018-07-25,2018-07-26 23:22:47,False
2bf3890219fda8d54c35c8b70253fb7f,00345f338696283410b7977d2e3efc89,5,,,2018-08-31,2018-09-02 16:58:33,False
89a02c45c340aeeb1354a24e7d4b2c1e,0035246a40f520710769010f752e7507,5,,,2017-08-29,2017-08-30 01:59:12,False
3f9a735e3351a7b5159a4d1691a0b9b2,0035c0b07126fe9c24a325216fb96064,4,,,2017-12-08,2017-12-09 02:28:07,False
7f6fef0de2a2d006bff1eb494112b1b8,0035e6b7ade84b3f5b86bd49814793df,5,,,2018-02-27,2018-02-28 02:29:23,False
5c21268a0f8bae726edb3aa4db3e6bde,0036757472ece3dde52fd4bfd929c90e,2,Mesa com cavaletes ,"Demora absurda para entrega, dentro do prazo especificado por eles, mas ainda sim muito demorado!",2018-08-10,2018-08-14 02:57:36,True
16dd1214a6f9a62fa22ad4830aa479c2,0036887767dea4bd43b1a88cd0d9477a,5,,Muito satisfeita com a compra e com a empresa!,2017-10-24,2017-10-24 19:41:59,True
0dd2be2fade8f4c15fd986a6b35edbe8,00378c6c981f234634c0b9d6128df6dd,4,,,2018-02-27,2018-09-24 01:28:27,False
7750f9537fc21016d9392ef19661e745,003822434f91204da0a51fe4cf2aba18,5,,,2018-06-20,2018-06-20 17:35:34,False
c91d4ae7473872e0696bcb22a5a92df0,0039500db36d50d7d0bfaf23723550f3,5,Ótima qualidade,"Produto de ótima qualidade, sabor ótimo. Entregue antes do prazo",2018-07-22,2018-07-24 17:58:29,True
71d5dd15707c2463aaf6bf469460337c,003a7f59d7e08a9c61d9e2881fe6459c,5,,,2018-08-28,2018-09-02 20:38:38,False
d3bc49c36329401e4f845faf9bb6742c,003a94f778ef8cfd50247c8c1b582257,1,,,2018-08-17,2018-08-17 11:30:40,False
4910a0d41fca570cb921f0090ed5c4f8,003cc6161d7a2593f2525cce0c330d32,5,Muito rápido a entrega! ,Amei o conj! Foi entregue rápido! O conj é perfeito ,2018-08-08,2018-08-08 22:10:40,True
5ef54aacd02622d2d1fefaaf539b939b,003d0634280ff3d1d3a54459349a6899,3,,,2018-03-28,2018-03-29 02:13:16,False
ec72e8db6271c9732565ac1aef57aaa3,003d804eef0e1b856881cd18e0cc0d4c,4,,,2017-12-20,2017-12-20 03:29:32,False
c3fa49a98647096955610c600ac33a76,003d9fc84ad902adf2265248b5ffe1a4,4,,,2018-08-28,2018-08-28 22:31:45,False
90033a3865e39835ba7e8526f6c8f3de,003edccf16bc5ec447f592913b3df2b4,5,Bom ,Ótimo ,2018-08-03,2018-08-04 09:10:16,True
98087172e524099025771d805ad1cdf7,003f201cdd39cdd59b6447cff2195456,1,,,2018-03-24,2018-03-26 00:47:18,False
4a1c0ecf94443cfa6ff94905bc41cd92,003f9bcc09427647c4b9d361a523545b,5,,Chego antes do previsto bem embalado e do jeito que eu pedi,2018-02-09,2018-02-09 21:58:55,True
c1739c70298dbe46e21a825af2b984f1,00404fa7a687c8c44ca69d42695aae73,5,,,2018-05-19,2018-05-20 12:30:40,False
7b15e6ebecb0e962f69728c50d5e9a9d,0040a56893444cb56cba7cfe2225e34e,2,,,2018-02-15,2018-02-17 21:29:39,False
bdca8baccdc72009bbdb5d15991d02ba,004157daafa0bc8672e01f00e4f0c04f,5,,,2017-06-03,2017-06-06 03:09:24,False
1c1bb10fd0a3af065ed9b379b5df14c2,00418a49a685c6bb60633291c3fab17a,1,,"O relógio, (presente do dia das crianças pra minha filha) Não funciona!!!!!",2017-10-06,2017-10-14 03:57:26,True
7f05ffaf413a01b93e9cbe3e527a91ab,004345d16a1ab2c21962992c721c8643,5,Bom.,"Recebi tudo certinho, recomendo.",2018-07-12,2018-07-12 20:59:46,True
974e17569a12138629ff031e5982e32b,0044c6f6d22dd280534344177c81b989,4,,,2018-06-05,2018-06-06 14:24:23,False
27abf489a0e46ad7dfa4dbdac61b188c,0045e3085f083f0f38d24bb3f22e6593,5,,,2017-08-30,2017-09-02 06:07:39,False
91f9113ebcc5de9c0d8f9e6ab3e25ed2,0045f5225a96ef46630701167528fdcb,5,,,2018-06-19,2018-06-20 14:15:41,False
ca96cd096375d4c74d0ca1e5cea64e8c,0046176ff0dbc2a178b7885355dfbb71,5,,Produto entregue prazo ,2018-06-05,2018-06-05 21:46:04,True
219cb56781473bd4ee7023459372d25c,0046e1d57f4c07c8c92ab26be8c3dfc0,5,,,2017-09-30,2017-10-02 00:13:27,False
e8ba5ec028ada1f73891685551e78b7f,00471463a6106056c1a2a809f70de640,5,,,2017-10-13,2017-10-19 14:10:40,False
c13699f8e389acea5f406e527f0edfb3,00482f2670787292280e0a8153d82467,5,,,2017-02-16,2017-02-17 10:32:17,False
2fbe086269247cee60d600c3af62f3e6,0049edf42837aa808e03552a62bd2158,1,,"Não recebi nada, não entraram em contato. Ninguém liga pra informar o que aconteceu.",2018-01-31,2018-02-01 01:45:26,True
ed90272bfebd71826ce6620baff11b03,004b62108b876867938746ad3154167f,5,Muito bom fornecedor,Chegou corretamente e antes do prazo! ,2018-07-13,2018-07-13 22:14:40,True
9f84ea8a523ca1c8801460890ae82663,004ba47bb589cdbc485e6025bd6d3c81,5,,,2017-12-30,2017-12-31 11:07:46,False
e66cfd879876752a96f9c035dbde8e88,004ca5ae248069d68e8594df8abf6ce0,5,Obrigada,"Adorei meu produto, e chegou tudo perfeitamente ",2018-06-16,2018-06-17 20:23:06,True
c0e9d6955c472cffa14f031b35ea1466,004d76fef3dd46eb4f70da049c8d1f93,5,,super recomendo,2017-12-27,2017-12-28 10:05:53,True
0d4256cffb82f343514d85b4f2181d39,004eab0fd8f28adaf8d488976f77febe,5,,,2017-08-04,2017-08-07 02:45:26,False
23e790c68acbe511dd7b94c6707f2e41,004f5d8f238e8908e6864b874eda3391,3,,,2018-03-23,2018-03-23 10:19:03,False
dce4884e6e42047bf2e0645ce93ef3a6,004fb11815bc03b01b20a614eef69d14,5,,Gostei muito,2017-12-17,2017-12-17 20:24:38,True
37b1da1f0e40121760677e6e9c7232fd,004fb5e6f90a178dc74ad2b016649249,5,,,2017-06-17,2017-07-10 01:20:21,False
3a36f699ff17d318607904fc7ac9099d,005059edee63c8c708ba61910793b31b,3,,bom,2018-02-20,2018-02-22 11:16:19,True
143f6db7fc05f38965da560ef1c44ed3,00526a9d4ebde463baee25f386963ddc,1,,Eu comprei 4 agaveas so veio uma,2018-08-17,2018-08-18 14:54:07,True
fc99f9b6c3693f9326603f9449ab9ee3,0055b77cca3186676c147f532dd2547b,5,,,2018-03-08,2018-03-12 19:42:38,False
a96a757f169ded9f72fc4f3c03750d60,0057199db02d1a5ef41bacbf41f8f63b,4,,,2018-02-07,2018-02-08 11:17:47,False
397312c9f147d1a22bd3108f1d5dd42a,00571ded73b3c061925584feab0db425,5,,"Gostei muito, sempre que precisar irei comprar.",2017-05-31,2017-06-01 00:46:57,True
910aa79b48597f41313a6f1b8d9fd0df,00584d79015452d19fd3d044ba3abdc0,5,,Muito bom,2017-07-27,2017-07-28 09:32:38,True
b4e8ec7012eef81503df0e1e6c65f281,00588f5f20fee630b83d4709e0a42715,1,,"Recebi o produto, porém, veio com defeito. Não funciona, nem se quer liga. Já comprei vários produtos pela Internet, inclusive das Lojas lannister. Estou insatisfeito com este q comprei. ",2017-08-31,2017-09-03 17:29:44,True
182365ddd5d2262fe3152df43225a78f,005997dca4c1fc45066d0a03d54a6469,5,,,2018-04-14,2018-04-15 08:06:28,False
287ad282a167c89fe196978cee506bd3,005a1dded353107dbabf8ffc83a20365,5,,"Excelente,bonito e ajusta facil no braço. Nao é grande, tem o tamanho ideal e muitas funçoes. Super recomendo.",2018-03-03,2018-03-06 02:11:43,True
eb164f6c5cf6b85214360131fdfcbbf0,005b49de51a4e006055e8487a50ad8e4,5,,,2017-04-28,2017-04-30 22:46:37,False
659998ff75745ce5b310f2fd3b0438aa,005cad6157eadc7f1f09917607f1704a,5,,,2017-05-04,2017-05-07 10:32:10,False
3a0b0a0dd1ccb11582eb81e9a0c784ed,005d9a5423d47281ac463a968b3936fb,1,,Ainda não recebi todos os produtos,2017-10-28,2017-10-30 22:58:31,True
8cb0fce73190d6aa1872be4099d5ffd2,005e5166e99d1e4d0c4f808b0540ba94,3,,Ainda nao foi entregue o produto,2018-03-21,2018-03-21 17:00:59,True
8278f8f8baf225cb959254c4c73568f3,005f25968fc854ea16fb16f5bdbc87c7,5,,Adorei como sempre entrega rápida e produto ótima qualidade. ,2018-03-21,2018-03-21 23:26:32,True
71531f6a2657d5acbe7bd6731c816b28,00602f25bffa1dcfb71e202fbf9824fb,5,,,2017-11-28,2017-12-01 00:31:27,False
09e73c4728b6052f2a9fd5ee7b6221f8,00611822267e76e0055c25c18506f06e,4,recomendo,comprei a família incrível em 26/07/2018 e chegou em casa 31/07/2018... me surpreendi!,2018-08-01,2018-08-02 12:49:34,True
bb9c485f8e2dd38a3af6f38187144722,006127b8b9a1681a982313ed7129c3c0,5,,"vou comprar de novo , gostei e é excelente os produtos obrigado!",2018-03-21,2018-04-05 17:13:26,True
8a4c2e0e0ac32c7324b46b08bb0b5d7b,0064d74f7de7917d54768d7722ad56ac,5,,,2017-09-15,2017-09-16 11:09:37,False
84a40189927f97f05285dc6f841a7561,006557c3221c1fcd02b0106343ab357b,5,,,2018-03-03,2018-03-06 02:07:14,False
dd71360a5cfbdf6fabf5bff418e3513e,00664284de7a3470d22931ed78615ee4,4,,,2017-10-04,2017-10-05 02:01:26,False
72bd80534b0e73c14829319464e72cdc,0066a1fdaee16ad5022c5ef979d0b661,5,,,2018-06-17,2018-06-19 23:25:15,False
e8b089ecc2f8aa46c9893626bae20cf8,0067c6030d65af0ff98790158ddb0020,5,,,2018-05-08,2018-05-10 13:58:05,False
ea0cadbfcf623003add6a407d65bab59,0068468c453d28c8ef3fd089e50a5847,5,,"Antes do prazo, porem tive de pegar nos Correios, pois eles não entregaram em casa ",2017-12-15,2017-12-17 17:21:03,True
212d807650bd7e83391b7908b3cfa2b4,00685d31ae12e47470ba5c18ba74f22c,1,,,2017-09-28,2017-09-28 04:05:37,False
0501aab2f381486c36bf0f071442c0c2,0068c109948b9a1dfb8530d1978acef3,1,,Espero obter uma resposta para minha encomenda. Comprei 3 controles remotos para ar condicionado e apenas recebi 1 controle Komeco e dos 2 controles Elgin pedidos e pago só foi entregue 1 controle Elg,2018-02-09,2018-02-10 23:55:18,True
857936127ee4d3b8f8f14f6feb4c6e8c,0068e836900867da359bd81db9227a33,5,,Produto muito bom e eficiente para quem gosta de andar de bike e precisa de gps.,2017-10-06,2017-10-07 02:34:33,True
3485c887ab8a5fd6b1c10bec15622741,0068fb0e223115e911d362627e8b8800,5,,,2018-07-26,2018-07-27 00:32:52,False
31dd0ceb4410f4cc60d60cfcebfb74f0,006c42f310102c1910b3c5793ce5fc34,5,,,2018-08-16,2018-08-19 12:19:20,False
304aaea0a61ca9e8c661cc7a403be82f,006cb7cafc99b29548d4f412c7f9f493,5,,,2018-02-26,2018-02-26 17:00:30,False
56a66e5eff96727ef69bca9b6981a456,006cba07f62f921fe4f58365bde2b2eb,5,,,2017-08-19,2017-08-21 23:27:41,False
eb29d5dffe71f0a35ccae406b79a77dc,006dd93155bc2abd844cc5eed3a0fe7f,5,,,2017-12-08,2017-12-09 13:10:26,False
708d3528f7c13301bdad8f80b845ea64,006df90050498994d670b40da4651d22,5,,,2018-08-16,2018-08-17 12:05:23,False
ceb8edcfc6a17b16926b7c9acb47abcf,006e05e81c068ddc38e48ebe189b922e,4,,Atendeu minhas expectativas ,2018-01-04,2018-01-05 00:02:42,True
7f8c3db58f0112378d38f6065d6c3e33,006e43460a55bc60c0a437521e426529,5,,,2017-05-20,2017-05-21 12:35:51,False
8ec042451b89064557a26251a05b9549,006e91ddb0674525f84ce0da0655c7ba,4,,"O produto chegou como eu imaginava,por enquanto estou gostando
",2018-04-17,2018-04-19 23:22:20,True
6d61a5411b9e9cd49b469a1ca07834c3,006f7dfffe2d90809598e8f1972b829b,2,,Demorou para entregar e quando chegou veio errado. ,2018-04-06,2018-04-17 23:03:40,True
1a01bc45e211acf905d4450d2767533a,0070092bb6004faafa287e5fc35971e9,5,,Muito Bom ,2017-07-28,2017-07-31 11:10:08,True
ec02e8b5acd431a4db9e1f5f712dc732,0071ee2429bc1efdc43aa3e073a5290e,4,,,2018-02-01,2018-02-02 12:46:16,False
27ba5e7f4fb966a3caaae8c0a3a208b7,0072847849eafe70995fa51a714c81ac,4,Recomendo!!,Muito bom Produto!!,2018-05-23,2018-06-01 22:15:15,True
29a36b1d233f0c446decbb5b894bf5c9,00750f68bb64537034e93554c64b41b5,5,,,2017-11-15,2017-11-19 17:03:41,False
e2958a3020456dddc10bf8e274fd9e9d,00756576f4e494406945ac21cb82cfe0,5,,,2018-02-10,2018-02-10 21:02:19,False
5138d0d5832c7432a23ec599ac311eea,00772b2af35643653f108fdac1155ee3,4,,,2017-05-07,2017-05-10 12:44:12,False
e880864e64f669aea8904ee3f201875c,00789ce015e7e5791c7914f32bb4fad4,5,,,2017-07-18,2017-07-19 16:57:30,False
2820a27cb81757fc08f3241188130070,0078a358a14592b887eb140ef515f5ab,5,,"Muito lindo, ficou perfeito na minha cama.
",2017-11-22,2017-11-22 22:04:37,True
8310a5e3eba617e7001736220b7afc51,0079bca8e89bd52fdb87408e4f3fb94d,5,,"Segunda compra com esta empresa, muito bom o produto e o prazo de entrega sempre antecipado ,muito obrigado!",2018-05-09,2018-05-10 01:13:03,True
11b7d47518bfd0ac4518c1f08c31f3e8,007bbb40c95870c0f75a7855f2636c65,5,Excelente,"Produto de ótima qualidade,muito fofo e super macio.",2018-04-27,2018-04-30 02:13:40,True
2d378519c3104207e05d5803e9d36ddd,007beb35f98c075747e6fc4fd1c0cb73,4,,,2017-10-05,2017-10-11 12:02:15,False
27efd1b64b5b9d292ba7ac4c35bfa8ee,007c7cb12ef3567531307ca78d395758,2,,,2018-03-13,2018-03-14 11:03:34,False
bd1dcfd26e525cbbae5ec69ddd506c29,007ec946d4f798caf2b43c9d44c56421,5,,,2017-12-07,2017-12-08 08:43:36,False
8b2fd2ae7be2324182a00e793df5b763,007ff0b0f79be782f633fc3b18cbe337,5,,10!,2018-02-15,2018-02-17 16:15:25,True
d6c257cefbf86db6eb2f2178ef34137f,0080eebb288dba1857ccf048dfe6bdfe,3,,"Achei o prazo bom, mas o frete o olho da cara, mas caro que o produto.",2017-08-19,2017-08-20 03:46:49,True
48a82d740f73ba519ee5faa66c72bc7f,0081ab2c99dc85945c28926b77dc6960,2,,"Pedi HD 500 GB SATA Notebook Samsung R520

1 unidade - R$ 269,00 cada

 
E recebi Hdd 2,5 Notebook / Desktop Seagate St500lm030 Barracuda 500gb 5400rpm 128mb Sata 6gb/s",2018-02-20,2018-02-21 00:14:15,True
47b7815d496aab56fdb2a2f2fd11571e,0081ce648af7d6a7bac2a93b6035d1e3,5,,,2017-11-23,2017-11-23 15:37:38,False
4473352c621784b3251766ad8cbfa984,0084209c576daad6ff4534902fcb4892,3,,,2017-07-19,2017-07-19 19:35:57,False
9ac0d21c5a68db82057a8976875fa61d,0084e195fbd72ae51599af47f04afede,1,,"a Quase 20 dias aparece no rastreamento dificuldade na entrega, ja mandei mensagens e nada fora feito...ja esta em atraso de 5 dias da data prevista e sem providencia do site das lannister..
fazer ",2018-04-12,2018-04-15 15:24:52,True
8fbcaf3ab7fd4c8fa59097a866873c09,00858d03144cc35cfd1dd043647e7c88,4,,,2018-03-23,2018-03-24 11:35:56,False
54e98e7b1cba1b4845358ded6c86a2fe,008720830a8a30e39e6f22f81818a141,5,,,2017-08-19,2017-08-19 18:31:54,False
d03c7eb151e07bb78e3e45e722dbfdfa,0087889a1c836be17f58afd7f1729a4a,5,,,2017-10-25,2017-10-25 14:12:31,False
0dbc79e0cb36f3baf6369984bfe96c11,008819c6d5f6da6fa5cd9d50ca927cf4,3,,,2018-08-08,2018-08-09 14:21:40,False
4b050398b4a6d5a0f6d07a905a9da3cc,00891ba5de66f55000ee358ceea9b345,5,,,2017-05-24,2017-05-27 12:17:05,False
9e380c1a77fe6f9e171948a5dbdb40e4,008990da719764fb392914d8ab53ad04,5,,,2018-06-06,2018-06-06 19:13:08,False
b81467060b0a8b4d823bce69e3a53241,008a1b3db2a8bf63418c2cf7c7f494b1,1,,,2018-04-25,2018-04-25 14:37:12,False
e6c8f2ab517ef19dd0a02a771fecc827,008a40c2b8b21893e04945ce58854b55,1,,Esperando o produto para avaliar ,2018-05-09,2018-05-09 21:20:32,True
b7a1de28d1001f594fc6a0c05d5018f3,008c3a655c66f4d92370d0d422732f69,4,,,2018-03-10,2018-03-11 15:42:42,False
2668a27b2dca9e659dcf3b58e2a5d7d5,008ce8764db2e397e153000e017475b6,5,,,2018-05-24,2018-05-27 00:18:31,False
18919e64014d2dee5a2ebf850802ec61,008cfe221ab054c89bc31720098cca51,3,,,2018-08-15,2018-08-16 10:28:18,False
fdae91f394183e7509686b6001b769e2,008d9bf350ff02ed444b3452cf3f57e0,5,super recomendo,Extrema pontualidade e ótimo produto.,2018-06-14,2018-06-15 15:14:27,True
fcc5ea863d8c062899f2e4e32889eb7e,008dc31c0ae7121f2791953ae5f532c3,5,,,2018-01-30,2018-02-01 12:19:26,False
6eb22fdbb42ecce1a902bab10ce2520c,008dd5e80ebf8f849aa0c5bf4e22ce7a,1,,Me entregaram um tapete errado. Estou aguardando providencias,2018-03-24,2018-03-26 22:06:36,True
11b501537e4927eec81488bec55ddd17,008eaf9004164883520d0bd32b107261,5,,foi otimo,2017-07-22,2017-07-25 20:29:03,True
55188756932534d499d5ed1f7b996b28,008f831b7185cff7ab35a46c37d64cd2,5,,,2018-07-08,2018-07-11 12:26:20,False
7bbf48933446bc2b6603e1c6fc539ebf,008fab5602c441d51f30b1464f5d4643,5,,,2017-03-04,2017-03-06 00:23:32,False
3377008b1325b226aed063d454f83fb7,0091a677651feaf5a08d7bb147681e14,4,Entrega no prazo,"Meu pedido foi entregue bem antes do prazo, obrigado, super recomendo.",2018-08-29,2018-08-31 20:46:10,True
8928004690de207823c49726ee9d53df,00921e4911895b93c7b4fc0d80c0815e,5,,,2018-06-21,2018-06-25 14:09:28,False
d96dd351c4f95fa10529a6b5889199a8,0093cbf16a6afb7f0ab7cc821b6f9e92,5,,,2017-11-26,2017-11-26 17:41:19,False
ea56517f21f9a2ccde6047f836c76fb9,00946f674d880be1f188abc10ad7cf46,4,,"Entrega rápida, no prazo. O bebedouro é muito bom.",2017-12-18,2017-12-20 15:00:30,True
377945166e0e849efe16da428aba83ac,00949655cdd8d0465e433a5e6c9643e5,5,Execelente vendedor,,2018-06-29,2018-07-01 17:00:44,False
fa2ea06b0117bc5461c5f7d963d6c614,0094bd07f49fed90209ffa62d1ef26d6,1,Não recebi o produto,Comprei o rímel tango de embalagem vermelha e recebi outro produto. Entrei em contato com a lannister solicitando informações para a troca e até agora ninguém respondeu.,2018-05-17,2018-05-20 09:53:10,True
8bed6958acd24a6b959a23a6b0fbec4e,0094d4660e323945f84f5c29eb348aae,5,,,2018-02-06,2018-02-08 23:23:05,False
b3f7ebc4210047dbed7e9baeb35eb031,0094dc9ea7e3cd54d95aea42685673ff,4,,,2017-03-15,2017-03-16 15:19:31,False
8cb8a9c63307618f214c42789262aea2,0095790a64527ec83aeaaf99023c050e,5,,,2017-12-13,2017-12-13 22:00:26,False
ea29724e66e4e0350e60f5fb558fcab0,0096668e5b0b8e9657a6f7209a4e58b4,4,Recomendo,O produto atendeu minhas necessidades,2018-07-21,2018-07-27 13:35:59,True
8c6563bdac7a42e6ea3dec7b12e8454b,009742b43f4530bc3db7f62332c50f4b,2,,,2017-11-16,2017-11-16 10:29:12,False
561e2666963db41f0c7058dbd85e688f,00975e709cd12c34d3bd44e4a7f7a876,5,,"Tudo ok
",2017-08-24,2017-08-25 18:02:11,True
8da5acdc2565178f11edb57558d6aad9,0097aafe2a01dd54e39888976160c377,4,,,2018-08-29,2018-09-01 15:44:44,False
2a79a4d7ec16eeb80e0ff177d051db34,0097f0545a302aafa32782f1734ff71c,1,,Não recebi o produto liquid koolbloom,2018-03-22,2018-03-22 22:43:10,True
f99ff17e430a53efe61d359faa3b425e,009838529bb913846ab6670d22865381,3,PRODUTO COM DEFEITO,SOLICITEI DEVOLUÇÃO. PRODUTO COM DEFEITO,2018-06-27,2018-06-28 11:09:14,True
e0f22f5095fcf60e28abd7aed98dadea,0098dbda25722a3f019fe252a0cd10b3,4,,Muito bom,2017-10-03,2017-10-05 21:56:45,True
4ae1114d0b5853ef79ae803a9a969878,009905140e9f8cc35d5be897937381db,5,,,2018-03-29,2018-03-31 16:08:36,False
aee1f5bdfc0f44fd54ec0567f0dcf73d,00995d799817ecc3bd2abd8fbe59c430,1,Produto errado,Pedi um produto e veio outro ,2018-08-03,2018-08-08 16:44:44,True
896e022be4ff3920f1c4fec42b4bb73b,00998f38df3012359ef195ca75ebb329,4,,,2018-05-19,2018-05-21 18:12:48,False
6d3234ab820cd1d7b0e74a4b80292613,009ac365164f8e06f59d18a08045f6c4,5,,,2017-11-30,2017-12-03 11:20:35,False
8538822c4c9eb266f02f91ff3b53e9fe,009c278fa2ed6e7ec498200b60193ca8,5,,Sempre cumpre os prazos de entregues,2018-02-01,2018-02-04 20:43:30,True
b0c6af585a16552e3ac5b441271c907c,009e11afa25aa95ae78e60a793995c9b,5,,,2017-11-01,2017-11-02 12:42:33,False
95aa16d51abe6916225a97c15ed0459f,009fa9bd0d92710e840793bfefa80867,4,,,2017-07-09,2017-07-26 20:50:53,False
61d37d0493b0a3f3bacd45fd91c21a76,00a0116ff15ff973ea16bee881208ae7,5,,Funcionou perfeitamente no meu ar portatil springer 12.000 btus,2018-03-04,2018-03-05 03:50:11,True
4155833440f10909211f327371428bd6,00a12754417a49a9dec20361849aa917,4,Recomendo,,2018-05-11,2018-05-17 00:34:10,False
0060224a4750ca9f2df557474bcfb605,00a13ab02fbe82f78cd84f14e41564ed,5,,,2017-12-15,2017-12-16 08:09:37,False
714b8f899b9e039e4fb59ff083935f67,00a174dbf11967d260033fa6ab711493,1,,"Produto chegou quebrado, em uma avaliação inicial nos pareceu ser uma embalagem que não garante a integridade de um produto feito em vidro.",2017-12-20,2017-12-20 22:22:56,True
bd186ba5b34b4f246234fa2c0d17254b,00a1e977cf6e672402963940db55d919,5,,,2018-07-28,2018-07-28 20:41:40,False
a555fec0a2d54ccb104762e54f058603,00a250dbdb3153cc6ecf4d3f07ef6a17,2,,"Fiz um pedido de 4 itens, ele foi separado em 2 entregas. Só recebi 3 itens!!! ",2017-12-17,2017-12-17 18:25:11,True
d28dadae6398b459a81d87981cdd3d98,00a379dfab816a83741012b71b264098,1,Não recebi o produto.,"O prazo de entrega era até dia 08/08/2018 e até agora dia 10/08/2018 não recebi o produto. 
Completamente insatisfeita.",2018-08-10,2018-08-10 16:52:14,True
c1651cc465c13045aa11f6202b233940,00a3a334aec7455a6d3319981499a3da,5,,,2017-11-05,2017-11-05 21:11:37,False
d2e01c5597d53456f703db053fa18c63,00a3f1ef430d3984dece2f39d6cbf431,5,O ótimo,"Gostei muito da panela e do vendedor chegou no prazo
",2018-06-07,2018-06-13 17:22:45,True
1bbfd50bad517dbeb993926d510272b5,00a4d94df1c9757661679b2f4bd6d311,5,Ótimo,Ótimo,2018-05-08,2018-05-10 13:48:59,True
cea44be87d0e2370f1304b3805596e5d,00a500bc03bc4ec968e574c2553bed4b,2,,,2018-01-12,2018-01-12 14:51:08,False
dbf71f79f088d589caaac656b426eab8,00a57dfbb049fbaae10763e2cf15f797,5,,,2018-07-31,2018-08-03 11:41:30,False
aed38a2c5cc4f1e9d707556d60db0289,00a690becda145533fa5a54daa7b6ad5,5,,fiquei muito satisfeita o produto e bom excelente qualidade ... ficou lindo no quarto de meu filho .,2018-04-25,2018-05-01 14:56:03,True
3440af42822145c52b3008af14b98ea1,00a843f5a80c7aea894c558acc29f513,3,,"Não vem com nota fiscal, porquê???",2017-09-12,2017-09-13 18:56:08,True
f2ef4bab77b6670b5862b064ae04668d,00a870c6c06346e85335524935c600c0,4,,,2018-05-17,2018-05-21 00:22:10,False
385a950b97d99b4f95d6196ef8b4f1c8,00a9536682ecb394a3794c1608200803,3,,Produto de qualidade. ,2017-05-23,2017-05-27 11:18:40,True
e92a1612d8dcd014217178bd28cc54b2,00a99c50fdff7e36262caba33821875a,5,"ótimo,super recomendo",comprometimento com o cliente,2018-08-25,2018-08-25 23:44:42,True
d3cb6027d7cd65b0e50848fecb79b9a8,00ab1aba567dfebdc39caa4e7ca2f1b2,5,,,2017-09-13,2017-09-13 23:46:27,False
f57ff1aec07193a06f4fc055cc660091,00ab210695a17fe10e6b23616ae5bc97,4,Boa loja,Bom ,2018-06-20,2018-06-21 11:22:52,True
635b498c97e573f64911343026d14018,00ab3a43bda739029ffce95d3b2fb56c,5,Otimo,Produto de excelente qualidade.,2018-08-15,2018-08-16 17:16:04,True
f811c0a2cdea796f48f9ec372b7f7631,00ab9fa91aafa3d881164b0da48999aa,4,,,2018-06-08,2018-06-10 14:11:55,False
5fbaf2d47b555b58748f5f7b9db01a7d,00ac05fe0fc047c54418098eb64e3aaa,2,,A tinta da borda preta fica soltando na nossa mão bom que não saltar,2018-03-03,2018-03-03 14:24:14,True
c82c423f93b5d4a9a2ac68c93a75fbfe,00ac2a1ec784f71feeb7ba1e5959750d,5,,"ótima qualidade,bom custo beneficio.",2018-04-18,2018-04-19 19:39:18,True
6f59fe49e325d2ff33a4deddea6dad7e,00ace652c8a5072670f30674e5f19844,3,,,2018-02-20,2018-02-20 21:57:49,False
0ae6b9f0a26a4300075e146a1dd38516,00ad1a02d4d9decad15c7e8f8a9470cc,2,,Frete muito lento! ,2018-08-18,2018-08-19 17:11:48,True
f9c1a71690bf7288861804ece5383ea1,00ae7a8b4936674ebb701d4a23719a79,2,Não posso avaliar ainda,Não recebi o produto ainda,2018-05-19,2018-05-20 18:56:33,True
28352065da2a697da1f83e4a128f64ad,00af3d9ddff7f256e83d79247dbe1a9f,5,,,2018-03-08,2018-03-11 04:22:36,False
8217b780a5ec285d426e1d6d07f38d5d,00af53fdc2002f5b6a8f16db648e003b,5,,bom produto,2017-07-04,2017-07-07 13:38:34,True
19910e37f2130c56f553edfbdc0c65fb,00b12f4674177ef40c4bdb034138c843,5,Ótimo custo x benefício,Produto chegou dentro do prazo. Veio conforme descrição e é excelente.,2018-07-21,2018-07-24 13:29:35,True
6a3b79897eba9ff0de829eb1570b98b3,00b1861aeb89afa498404c684148a619,3,falta de mercadoria,Esclareço que a entrega veio incompleta faltando 01 capa de chuva. solicito providências.,2018-08-16,2018-08-16 22:33:57,True
9c0d840dfe562debfa52a1792bd64bff,00b1cb0320190ca0daa2c88b35206009,1,Entregaram produto errado,"Comprei dois fones de ouvido com valor de R$ 50, 32 e entregaram o cabo para para iPhone no valor de r$ 10",2018-08-28,2018-08-28 18:25:55,True
7ecb82e62756c3a6b40c9db6a00b9b9d,00b2d2f2b5f7b98e6b1828764660134e,4,RECOMENDO ,"RELOGIO LINDO ,POREM ELE É PEQUENO ,ESTOU ACOSTUMADA COM RELOGIOS TIPO FAUSTAO RS ,MAS ESSE BEM LEVE ,SÓ QUE VEIO CAIXA DE PAPEL BEM INFERIOR POR SER CASIO ",2018-08-16,2018-08-17 11:00:30,True
4be0fcb2fc18e0da288ad4f45c38059e,00b30bb163474583c14db1689259cf4d,5,,Recomendo!!,2018-02-18,2018-02-21 01:43:34,True
ceec8bc717c77add6657e182e9a82074,00b402e8a76d3da83714c52d3977cc2d,5,,,2018-01-20,2018-01-20 15:02:50,False
b172521cef380e11b2f65ad53f2b8e4e,00b44ba3d7c4a5e9a9ebafef9150781d,5,,,2018-08-31,2018-09-01 18:50:50,False
b556d50a332264879cd04f5a267efc48,00b47ee856118583dbec7d1f9b18d847,4,,,2018-04-10,2018-04-11 15:53:20,False
10f62fdeea5332995b98c326bc9a9ee4,00b4846d477a7baf5d4e47970bc08c7e,5,,.,2018-01-31,2018-02-02 22:04:24,True
77e0edd9f898d8667be3a63d802c1021,00b4a910f64f24dbcac04fe54088a443,5,,Tudo ok,2017-01-27,2017-01-29 21:31:09,True
28838057a89892189cccbde97e7d80ca,00b4c651133c06fb175123a492f1cac3,4,,Entrega muito rápida.,2018-08-24,2018-08-26 18:41:21,True
f36407e207d5b9317bf8d3703b5b022d,00b5e1c770b1868ec1b6b726be3aa9b9,5,,,2018-01-12,2018-01-12 15:44:43,False
16561345af89c9e66c13a051f4f15d65,00b676b01c289cc661c6f7732492771a,3,,O kit comprado tinha 8 módulos e só vieram 7. Mandei um e mail para o fornecedor e até agora não obtive resposta.,2017-08-16,2017-08-16 17:05:07,True
3ec19171c2fbc5c772128500ab374c58,00b6c055922e0ed2d88efdd252b2fb64,4,gostei muito,"gostei, muito bonita.......",2018-05-08,2018-05-10 16:48:36,True
5fcfab15e41dec56d42c883a668635a3,00b6e66f005a657a6b13eedcacdf9342,1,ENTREGA DESASTROSA,"Comprei 2 (dois) Tablet Qbex Zupin TX120 7"" 4GB Dual Core Android 4.2 Preto e recebi apenas 1 (um). A nota fiscal apresenta 2 unidades, mas na caixa lacrada só havia 1 (um). Me considero roubado.",2018-08-22,2018-08-22 19:03:04,True
60f8faa906165ba76059030f93a45382,00b7174ea52bb811ebe2663add51afc0,5,,,2018-05-22,2018-05-23 10:45:53,False
0b1616a4aacf1b403171d85d24fb42f8,00b8d354b36820e9d6131fd5173c5581,5,,,2018-03-09,2018-03-10 14:20:56,False
eb6d75bedecae7b3dbea11b8530637d8,00b9e0f8f588d0406a3de447eb606970,5,,Excelente produto.,2018-02-17,2018-02-19 16:20:08,True
b6cb3817d609e80a0ed2c4fc9583e9ec,00ba414462370af2d76195d12e0d5481,5,,,2017-12-17,2017-12-18 12:18:53,False
5bbe559187a5362158dbe3cda22b414b,00ba57ae98928df6ba6ec9d3d8d4b1b7,5,Excelente,"Chegou bem antes do prazo, o relógio é lindo!",2018-07-27,2018-07-28 01:43:51,True
284cb8b32e0ea2b7b5b1d1bf0c29a82d,00bbc4179554524748f77763ddd62266,4,,,2017-08-15,2017-08-15 20:48:05,False
100b6666dd31375f65f183c1e5d97ea6,00bc78808b22918a467b2fa4b8ef5d68,5,,,2017-05-03,2017-05-10 15:44:46,False
f251fad34a28bb8a1accddc2fc0bb4f1,00bca4adac549020c1273714d04d0208,4,,,2017-03-15,2017-03-15 23:01:16,False
e6514bfb990b35522784418f8e227ae8,00bcee890eba57a9767c7b5ca12d3a1b,3,,Pedido ainda não foi totalmente entregue. Continuo aguardando pois ainda não expirou o prazo de entrega.,2017-07-28,2017-07-29 17:41:45,True
c97a9791ae651d85c75a27e9df56d7d1,00bd2cb7e9076e1ccc9f766fc01a4cfd,1,Cartucho HP Genérico,Cartucho genérico sendo vendido como original.,2018-05-01,2018-05-22 18:23:54,True
ba1095d3d8706d4f7db077ce305e75fe,00bd50cdd31bd22e9081e6e2d5b3577b,4,,,2018-01-23,2018-01-23 19:09:17,False
b022e14b537e9c64b16ef6b921556944,00bd8cf08fa3998ea6ad6d16c2165822,5,,"O produto atendeu a minha expectativa e me surpreendeu com brindes, pois recebi vários chaveiros do flamengo.",2017-12-06,2017-12-06 16:19:53,True
e1178b88d0759176025710ea91094d34,00bdcdda88e6b02977fc6ce3d412c600,5,,,2018-06-19,2018-06-21 11:59:20,False
ef2ae354ddc887baeb9f400ac05f260f,00bdebefeb760588a3425fad9dfed3d9,5,,,2018-03-15,2018-03-16 13:13:19,False
3f0b17a6e67885ab5eab4a07f5f71918,00beb247698c6aae94e3f859d279e2cd,2,aguardando para avalia,Aguardando para avaliar ,2018-05-30,2018-06-01 22:17:17,True
c8ab2a6e0022e1db1f92e4bfeb57f724,00bf1320ffb5fe47a845feca16c0e0b4,5,,Loja recomenda ,2017-10-27,2017-10-27 09:20:57,True
d52c07a72b990d85dfaf30cc90bbd053,00c00d5b36157595e21108ba1da2828f,1,,,2017-10-01,2017-10-01 08:54:15,False
a5f8ba2a5bba6457fc5edfd182710120,00c2335723b9b74668062e946dc66621,5,,Entregue antes do prazo e material de boa qualidade... recomendo,2018-01-10,2018-01-10 18:29:23,True
4f611351fcbae81bdd205a9d1365e6cb,00c405bd71187154a7846862f585a9d4,1,,Produto não é bom pois não faz nenhum efeito na sombrancelhas. Não recomendo,2017-11-01,2017-11-04 00:08:03,True
b395c14e0be3c47632ab3a9ecf0e8201,00c42b1633c1b2fa4e937bf312466561,5,,,2018-02-09,2018-02-09 23:31:14,False
b86bf1c2834fc2d3a3a9d8421a02f5e5,00c47cfa491ef55779ec7557673087fc,5,Bom,,2018-08-01,2018-08-02 13:07:42,False
dfe2c33bd61eb5ca78a8dea99d496357,00c47fefb9a49baec12ab3654d7f548e,4,,"É a primeira vez que faço compra pela internet, pois até então não me sentia seguro,pois alguns amigos que fizeram tiveram problemas para receber seus produtos, mas resolvi arriscar e deu certo",2018-01-17,2018-01-22 00:17:49,True
385c2a4c48e606d333374a2a33e088db,00c4f17dcb94448f27a2cbaa83f10a4b,5,,,2018-06-13,2018-06-14 01:46:36,False
3069d1d660f6a9c76b9037d9d840d892,00c62d05602c1ca8164b98746d127fa8,4,,,2018-06-13,2018-06-14 08:15:54,False
41169625beb2255f7230003614931654,00c763284c0056eed753352f5559ff0a,4,****,nada a declarar por enquanto.,2018-06-14,2018-06-18 14:10:59,True
23b8b606e44be451521eb1feb02ddde9,00c81b6675ef9ecaaff5fc1d6720b96c,5,,,2017-10-31,2017-11-03 11:48:52,False
dac5e910d571f7e017ac236f73eaea39,00c826c901ab01b6f598a8f0c9b56b82,5,,,2018-05-03,2018-05-03 20:16:59,False
b86a403531959a305dc40a2c703fb26a,00c842d0ae6462afc1d38fc055b02c75,5,,,2017-11-22,2017-11-22 19:00:38,False
042e7423077b3c5fb84b3c538bea47e0,00c8be06a8029e300dabd52c7d4c6ad2,5,,Produto cfe o anunciado! Entregue no prazo...,2018-02-28,2018-03-01 00:49:31,True
87e52dee894fbd86a88ebdc7509e7a1a,00c8bfbb0a1224dcdb0180a544247159,3,Loja é ótima,"Eu comprei umas cestas de vime, comprei 6, só que veio faltando uma tampa. Então não fiquei totalmente satisfeita! Mas o produto é muito bom!",2018-05-12,2018-05-12 16:17:37,True
3edb05682faef2679f3614db836bda87,00c9474e0334f7a4ffc8c3a8bd21a51e,1,,,2018-05-17,2018-05-22 12:13:19,False
fb2dc0887b260ad8fa4f6fb83c74071d,00c95282163553a982f38481f9488481,4,,,2017-08-18,2017-08-19 00:12:31,False
6d1a6be8fbfb1b9b4e0931a24cf0b914,00c9d0257381c7e9ec13b4505f25b2cf,5,,,2018-04-28,2018-04-29 17:29:01,False
17d188bc5eb7c658e6fa39f5f35c23c2,00c9d9e61ed13f5bf2f0344da1aa4775,4,,,2017-03-07,2017-03-08 13:05:23,False
a6209b818df2c7684958f159ec0e6a4f,00c9f7d4b0e87781465e562dc109f6aa,4,,,2017-06-02,2017-06-04 11:47:35,False
6656126d5cd931d877987a2216a2b679,00cb18db3d9c03f8386e7fc70cad2504,1,,A mercaduria nao fue recibida e nao te ligan para avisar da entrega. No app deles nao colocan a previsão de entrega. O que confunde muito.,2017-07-20,2017-07-20 23:50:39,True
25434b3dfb19d0aafcf17660729504bc,00cb9736c0b43d6c1e2fbb2b88e69f6a,5,,,2018-02-17,2018-02-20 14:13:48,False
3cce888781bea8e04014b3aaa9c78216,00ce92d57f4f9a112bdb8a2a283e5f97,5,,,2018-02-08,2018-02-09 09:37:22,False
59042599ce5a42dfa44c02948b5c46b2,00ceda91cb2ded8570ca73e70571740a,4,,,2018-02-17,2018-02-19 18:19:12,False
a2937161bd6607b827771b6e47e9156e,00cee8a4dbb042385cbbd84699e78b2e,5,Sim recomendo a loja,recebi o produto intacto,2018-07-26,2018-07-26 22:18:08,True
