order_id,payment_sequential,payment_type,payment_installments,payment_value,flag_zero_value
b81ef226f3fe1789b1e8b2acac839d17,1,credit_card,8,99.33,False
a9810da82917af2d9aefd1278f1dcfa0,1,credit_card,1,24.39,False
25e8ea4e93396b6fa0d3dd708e76c1bd,1,credit_card,1,65.71,False
ba78997921bbcdc1373bb41e913ab953,1,credit_card,8,107.78,False
42fdf880ba16b47b59251dd489d4441a,1,credit_card,2,128.45,False
298fcdf1f73eb413e4d26d01b25bc1cd,1,credit_card,2,96.12,False
771ee386b001f06208a7419e4fc1bbd7,1,credit_card,1,81.16,False
3d7239c394a212faae122962df514ac7,1,credit_card,3,51.84,False
1f78449c87a54faf9e96e88ba1491fa9,1,credit_card,6,341.09,False
0573b5e23cbd798006520e1d5b4c6714,1,boleto,1,51.95,False
d88e0d5fa41661ce03cf6cf336527646,1,credit_card,8,188.73,False
2480f727e869fdeb397244a21b721b67,1,credit_card,1,141.9,False
616105c9352a9668c38303ad44e056cd,1,credit_card,1,75.78,False
cf95215a722f3ebf29e6bbab87a29e61,1,credit_card,5,102.66,False
769214176682788a92801d8907fa1b40,1,credit_card,4,105.28,False
12e5cfe0e4716b59afb0e0f4a3bd6570,1,credit_card,10,157.45,False
61059985a6fc0ad64e95d9944caacdad,1,credit_card,1,132.04,False
79da3f5fe31ad1e454f06f95dc032ad5,1,credit_card,1,98.94,False
8ac09207f415d55acff302df7d6a895c,1,credit_card,4,244.15,False
b2349a3f20dfbeef62e7b31baa22f84b,1,credit_card,3,136.71,False
5a1f6d22f7dfb061ef29216b9af687a1,1,credit_card,4,47.69,False
4214cda550ece8ee66441f459dc33a8c,1,credit_card,2,170.57,False
adfbf6c2a620196f9a3ec747491c72b7,1,credit_card,4,67.5,False
4d680edbaa7d3d9bed69532957368a03,1,credit_card,10,353.09,False
8cd68144cdb62dc0d60848cf8616d2a4,1,boleto,1,330.66,False
5cfd514482e22bc992e7693f0e3e8df7,2,voucher,1,45.17,False
d0a945f85ba1074b60aac97ade7e240e,1,credit_card,2,541.0,False
c39414c195d0f94c9d9c35e7c6ed4f1a,1,credit_card,2,139.22,False
5d9c5817e278892b7498d90bfa28ade8,1,credit_card,2,290.16,False
b69b9260e79a0da00e15f48de1bd2524,1,boleto,1,283.34,False
f45074ae38f2e01d9b854ec8d40362ff,1,credit_card,1,13.78,False
81cedc4d2132eb6f512354166e51b187,1,credit_card,1,30.28,False
595f598849d89203c28d05d0fbf3f92e,1,credit_card,1,26.58,False
f9d0ec2fa088ac583e1ccd15b6686073,1,credit_card,1,89.68,False
e647bf617de735448a4ba54f8910393c,1,credit_card,1,65.09,False
b2bb080b6bc860118a246fd9b6fad6da,1,credit_card,1,173.84,False
23f10f509600c30cf2852f9dbdf28fc3,1,credit_card,1,103.49,False
f86f6472fa9f395d8d9a6751ca118afb,1,credit_card,1,64.03,False
1dcf0c8cd36ffaf57784fbdc90079310,1,credit_card,3,157.15,False
00d8d65b666158b633f96054d31af43b,1,boleto,1,130.88,False
cf30fe76d1505192acee1c6dccb15545,1,credit_card,2,47.72,False
d3e774a185c0b1b2286ffd6c70abe2e6,1,credit_card,8,117.74,False
32b1d8f3789a57f1f752e20ac7404b4c,1,boleto,1,56.6,False
c10d412026c4077b8e83acf0fea04eee,1,credit_card,1,266.16,False
56c3277583e16009c925fdf116df420f,1,boleto,1,31.38,False
0e0441786430b7cfcd0d91f822ea4c99,1,credit_card,1,121.49,False
6ffb3f1686bceae3466facf7e02ce3fb,1,credit_card,1,32.0,False
afef48d3c8a0b1b7c9b7f8f922fb5674,1,credit_card,5,153.41,False
c0db7d31ace61fc360a3eaa34dd3457c,1,credit_card,5,65.71,False
d574338f566ca28dd67820f48ec1f1d8,1,credit_card,4,278.22,False
1807cc736321f14baa58ef39cf6e5989,1,credit_card,4,91.66,False
e8977f709bbb0367f51b589e6325f991,1,credit_card,1,132.51,False
2e2c60b99754ae1e4d8b18846cfec9f2,1,credit_card,4,542.66,False
1ffb3c1929b16d9c1aec1958e11b3e9b,1,boleto,1,166.04,False
95442deb81a5d91c97c0df96b431634a,1,boleto,1,368.98,False
10af96a0689260134307879127ac1952,1,credit_card,2,113.2,False
85eef2d342b0de363c45c1bc324729c5,1,credit_card,3,99.43,False
aa964845f1de8125410aea8b73e9e1ec,1,credit_card,2,27.35,False
343348b1e29e9fa9e7b6ab1027f9177d,1,credit_card,4,43.77,False
ad4098a257676ea4d394fb3bbbf36ca3,1,credit_card,2,68.49,False
3e0c3cab458e8b3cc8d1d38ecb7e7775,1,credit_card,2,105.53,False
3ab4eea6776259ae8dfbabaeffece352,1,credit_card,8,387.8,False
10d9871bed9fb8d0887d3b9022edd1ff,1,boleto,1,84.14,False
c108072ab31ec90a754129c171577f5f,1,credit_card,4,210.82,False
fc662bafa52d2ef16078f6f6141009d6,1,boleto,1,90.05,False
4217849b1ff18a9270fe048eabc4dc45,1,credit_card,1,67.88,False
795c16acb4e3c30dfa5b6827727ef488,1,credit_card,2,37.58,False
55e2d723733c45033e71cb4d44690234,1,boleto,1,89.63,False
947e9c6bfd83a06953c420ef92d3da6e,1,voucher,1,69.46,False
60e43c5f5ba559d9dd19357ed72cb2f2,1,credit_card,2,78.3,False
e3e9e3295f4e1512167c232a0aaae8a5,1,voucher,1,50.8,False
460d57443ffdcaeba240360239747cf7,1,credit_card,1,34.0,False
4cb51127f19f7254b320efe1718477dd,1,boleto,1,77.1,False
110d9355d6338eab0a65a0cacdde5434,1,credit_card,5,566.4,False
42f5954cda381bd032934ee38c453711,1,credit_card,8,402.42,False
3689194c14ad4e2e7361ebd1df0e77b0,2,voucher,1,57.53,False
97c111c4f22dfa1089a9c0b5338dcc79,1,credit_card,3,44.01,False
4b2d035932915aa9c2a0d4d84cd6d3b0,1,credit_card,3,187.51,False
e1b4ee0e390fbac1dec439d72b45a115,1,credit_card,3,77.7,False
fee72a68ce935ebf2939fe72f27d3d9b,1,credit_card,1,48.68,False
4d3bfdf4c7d6578ea445d588371ae10e,1,credit_card,1,77.29,False
4c2e1a95586c815795a324d1599e7b5a,1,credit_card,8,117.71,False
c9f23db8a1cb725df9bdb3383bd72b38,1,credit_card,3,169.34,False
8e47a04b25d7a7075064e8e0bd2e0318,1,credit_card,1,37.61,False
723e462ce1ee50e024887c0b403130f3,1,credit_card,1,13.8,False
fa2ea4b6e84c1c0fc4f3a6d468c55183,1,debit_card,1,227.12,False
fb1a2a1296f822405a946cbdfc0d3ed6,1,credit_card,3,34.78,False
198298d54f269d8c5fe89e85a859af61,1,credit_card,10,342.56,False
b19ca559688b49e8cf7f88c1aa3f0009,1,credit_card,7,73.34,False
5be8d4719fe2e3669e2d07dddf3b6b0c,1,credit_card,4,117.85,False
4a02e985c7239d866a632f07ed20d9c0,1,credit_card,1,48.62,False
3e17eef8a8bd0131c7aed90d7508799e,1,credit_card,1,53.99,False
f8d323a2702fed37f0229965f7e9f8b3,1,credit_card,1,51.14,False
de4090fd9b7900d46323b0c7c36b7128,1,credit_card,2,121.45,False
17e5131fe1d4b1a8dc14d4a66914f9d7,1,credit_card,1,73.34,False
20f136d890c31a62486c809f91a5b098,1,credit_card,10,117.68,False
557cc2675910c4a6c9b54ad276f25097,1,credit_card,1,56.77,False
d60a89ab9bc1e68834465ae630c3343e,1,credit_card,2,115.59,False
3ba2d0012b1f34bc6ccbc31c4ba69f93,1,credit_card,6,60.07,False
d46f45b0d795bcf47a19d301710e63fe,1,credit_card,1,27.27,False
96de2b7f7f3c401fbee3eef068376da6,1,boleto,1,32.15,False
f9d5bfb53147f381e81b89a848e26b16,1,credit_card,3,195.71,False
21b8b46679ea6482cbf911d960490048,2,voucher,1,43.12,False
e6670c9089973cc68e5b90b7d1f4fec4,1,credit_card,1,88.49,False
85a4fbdba48c815924115fb82330071c,1,credit_card,3,34.09,False
35525be13c4af8acae0bb6d13c27110d,1,credit_card,1,40.99,False
46ee6eaca194413758f200a6974b7e4d,1,credit_card,3,71.99,False
f49cd89d6dad6dd5759ecf15dfe4bb19,1,boleto,1,47.0,False
9acd1ccfbc6445c0cad9ee9ddb48054c,1,credit_card,3,81.78,False
83f24bbc4f76a2730ba9c9cfa32e6d07,1,credit_card,3,231.45,False
0b65284a1a74114ea029b7676fdc1ba3,1,credit_card,7,144.2,False
cf61ad2218e5c14397e7c0ba7a6a50f9,1,debit_card,1,35.14,False
243312dbb316253ab77bb0140d94803c,1,credit_card,10,285.79,False
8973a53fcad22a79e0ff315e7f9a0fd9,1,credit_card,2,176.7,False
f090de1b2ed9f4e251662cb31e3c7127,1,credit_card,2,27.63,False
2ccde1e4676c20b9444e2bcbed36334c,1,credit_card,8,134.56,False
0f4b5614da144989e2acc5291af24357,1,credit_card,4,96.98,False
1d92d2ce1ae2e0510b5ce50c5be578c6,1,credit_card,2,110.03,False
a490a5d59a9bf4ef3334bfd7cf1dbdfc,1,credit_card,1,17.78,False
60ead11db6b36221fe1424e330883a9a,1,credit_card,1,44.0,False
c51dcdd98e1c413f3d394ffcb4656ed1,1,credit_card,4,110.11,False
ea9184ad433a404df1d72fa0a8764232,4,voucher,1,22.49,False
8f936fb77c720ab9ccd618af38c885cc,1,credit_card,4,46.63,False
0fba53cb4e9429e38cd2750c32fa24a5,1,boleto,1,52.21,False
cdaa116d3c2521b4b6976043508d0943,1,credit_card,2,61.77,False
68d7420c86be23f313c81a554320f986,1,boleto,1,121.88,False
a5f860aaf6a3c35399495aefe92d363f,1,credit_card,1,75.75,False
f51e3c7f79d1e2c076acbb6af1588b95,1,credit_card,1,130.22,False
9184724aacd6a7da5bcf4c08c2c674a8,1,credit_card,3,57.53,False
8bdc559b124e47eb71b5d1be8d6675e4,1,credit_card,7,76.02,False
49d3db2a02106c24d6ef800bd8ad5546,1,boleto,1,90.17,False
c604ad5f1e0d0bcf9977cf46d1d72303,1,credit_card,1,31.0,False
859980aae511377b7230f72d90bfc580,1,credit_card,10,106.77,False
e2cd740333fe4585ead5c50c61edb6a5,1,voucher,1,163.25,False
55779fa8fe072d9f8c92d672154558f2,1,boleto,1,233.66,False
99bc267f49d76932cd195bfb2a94dd03,1,credit_card,1,163.08,False
0c99132c4ff916416ba8f74c378f1cbc,1,credit_card,4,135.93,False
66a4fa2d40fed98c34ced62496fdb1e7,1,credit_card,1,267.05,False
db43c1a570e28fe9da60a444e3616a2b,1,credit_card,7,186.72,False
82ffe097d8ddbf319a523b9bbe7725d5,2,voucher,1,30.0,False
f75666bf6c9e09f6b3f4bcd797b57a3c,1,credit_card,4,97.28,False
5e5d1342989d05440629e2162fa52d07,1,credit_card,1,48.61,False
14d9794bbb53614d12cc2df6a045f82b,1,boleto,1,116.7,False
a8c012ba7d95bd2d15f666681f19c146,1,credit_card,1,41.42,False
31f8013402a0749b3ab433b1aee11754,1,boleto,1,42.19,False
4f99d1a7b0d2308edf45baa6997ac961,1,credit_card,6,125.53,False
ca8f94a99a8120c559e416275a535066,1,credit_card,5,92.76,False
9bdcb4559b75d21a22fcd868d9e5dfec,1,credit_card,8,348.02,False
96cc8c42014ddb42a775da9a45ae3f76,1,credit_card,2,203.3,False
87f003dca70d4d22518366caf041e845,1,credit_card,3,44.35,False
f244841f5a461472de8de82f023b1371,1,credit_card,10,116.05,False
3597f6476c27b4e1cc2f58588116f8f5,1,boleto,1,85.14,False
242e24b7eaa9f48cde9d679f8591124d,1,credit_card,4,236.66,False
18259631aab7299bf25f83f5eac4c8d1,1,credit_card,4,220.3,False
14c0c0bebe2cd50fb1dbdee84fbae03a,1,credit_card,1,180.55,False
3b697a20d9e427646d92567910af6d57,1,boleto,1,45.46,False
55c0b6b41ce482c3f77407ef43fc6bad,1,boleto,1,26.08,False
53035288acc866ee15423b4293722b46,1,credit_card,1,375.74,False
845af9472cc76e66fbf445931b511755,1,credit_card,5,123.41,False
953b6636ab2347a8ba37a16770db47f9,1,credit_card,10,379.07,False
886b114d034f4ac1d39d964c1b2a8182,1,credit_card,10,2027.16,False
c61e3efc183db6b89f5556efb5aa8797,1,credit_card,1,45.5,False
2d1d5777f29a8ee6593cf90b85afb5b6,1,credit_card,1,91.17,False
aa600269bffea363cca75ad2d1908903,1,boleto,1,93.26,False
487c1451b8fd7347d0e80e5aca887e91,2,voucher,1,30.0,False
0a9716da94d89975e6637874280aadad,1,credit_card,10,165.96,False
65c863d90026e9dd4888e28d2135c983,2,voucher,1,50.0,False
62d9b911d7c56cf455f660eecb8ddd3a,1,credit_card,10,1002.73,False
279cc62fe9c5a9e6a7ad5a7536560944,1,boleto,1,116.56,False
e6ed38386107802a72ec8197195f79a7,1,credit_card,2,240.52,False
4a4ed9ed7922304a569ed850baba99c6,1,credit_card,3,33.13,False
3f5a1c29c5881cc9902ed702efbdde45,1,credit_card,1,213.9,False
1594012ccc1b0770373ce691d697e5ae,1,credit_card,8,362.17,False
2fe14af1d4563c0e76f382bc63c9a245,1,credit_card,2,88.72,False
bc3d816db1aa7215dbde5b1b00d3d32b,1,credit_card,2,46.85,False
67c8c2016ddabf0059783eb44e921f99,1,boleto,1,68.54,False
07d13d352c85dfbfa60dc56dea818335,1,boleto,1,32.62,False
b545ba7b0bd67a3128185c7214704319,1,credit_card,8,340.08,False
9d8065ae4c6f5725ee052d02ab00f64e,1,boleto,1,82.06,False
d9d104af1ea99e0b7f6b0644eedc74d0,1,credit_card,1,40.95,False
9e59025992bd64bc26551391ed44a450,1,credit_card,3,67.01,False
591083bc42b589c7052118aa83118e76,5,voucher,1,20.0,False
79b63d1f9cf0257b33b04fbfb0847cba,2,voucher,1,76.9,False
7327c30a5230ce07bc2c7a695d553a00,1,credit_card,4,40.27,False
3b9e43d6eba694f8a29c11ee67a04f2c,1,credit_card,8,242.1,False
1e6d912e4c63965bb9eccf0cc765fc24,1,boleto,1,207.24,False
57e4fc8f20507381b3f7abbe4e2ccda3,1,credit_card,2,215.56,False
d4fdb2be174c84a6409a3968c55b01c5,1,credit_card,1,39.92,False
e1b6234c322ab01a32771bf57c597043,1,credit_card,8,156.09,False
03afb3c10af52ddfa3c33b9881bf43f8,1,credit_card,2,131.5,False
c1b770015e27aaf2b475026989d04fe0,1,boleto,1,137.73,False
1a9b986cfe31ed59c5a6c00287db7e74,1,credit_card,1,31.75,False
66f249e4d7ab2f3872de7bd6d74719dd,1,credit_card,8,348.77,False
c79bdf061e22288609201ec60deb42fb,1,credit_card,1,12.22,False
648b4f683ccf074ebe65a73c8096dd18,1,credit_card,4,139.87,False
02951078a21a2d9341ea16089a4d5031,1,credit_card,12,257.1,False
afd0dbbab8e90d099aaccdd8ed7d5f26,1,credit_card,3,269.46,False
2ad6c6594bf0917a25ff8b8918d4b7b0,1,credit_card,1,40.0,False
774359a2a8b6be829653bae9390a0dd0,1,credit_card,10,350.09,False
332c6742772f2df936696b6512b10edb,2,credit_card,6,134.55,False
c385c0eba07c858dd60ffe00a60dda64,1,credit_card,3,112.73,False
d087b8e096ca051f548e29b324272834,1,boleto,1,72.05,False
5262eaeb971616ffef822379ed91896f,1,credit_card,1,0.67,False
52636dd3c039f62169b0eb724af63047,1,credit_card,2,77.77,False
aa7c35fd606f4275e267e859c6a84d0f,1,credit_card,2,26.68,False
caca64f71d73695719939294fa88c791,1,credit_card,1,371.42,False
fd1ddfeca967b94315642dfe5c7545f7,1,credit_card,6,225.71,False
fa12564d7462c9a851c79c301bcb97de,1,credit_card,3,103.79,False
9c96fac210f67f329b80d898001fee09,1,boleto,1,65.0,False
85e710051891004eca4f527adcadd0c3,2,voucher,1,69.8,False
11978d520d85578c9f024b99ac1a87ef,2,voucher,1,20.09,False
9062b998bfc2521b3978b34034ba6e1e,1,credit_card,1,125.41,False
31be75ffd0c4b58ca777e72cd2352b14,1,boleto,1,95.99,False
999d0185fdc3859e118a76c1e7d8dfe4,1,credit_card,2,25.33,False
6cdb86865449a92089579ea715e1c1d1,1,credit_card,1,52.57,False
50bf77081d0fdd2e57dcff0acf8fefeb,1,credit_card,2,145.58,False
d121cbcb7091fbd55ad0344e0f045982,1,credit_card,3,49.7,False
37fc44460574b368fe7933c6ae98f224,1,credit_card,1,47.43,False
3fff175860497ca456d60c90b1f2b797,1,credit_card,2,168.57,False
ae1126b6891f58552443772c80b1f562,1,credit_card,1,133.81,False
d56564f21e612a588607e9ffb39b9d21,2,voucher,1,1.23,False
068176c8a0550b07cddf7e05c8d55319,1,boleto,1,123.82,False
9488305b52042a978d3bf78cf94bcd54,1,credit_card,3,283.66,False
7a1ba14765ea354929894e667c06f386,1,credit_card,1,89.88,False
4b5648d8399ea47a4c323499045aaefc,1,boleto,1,32.38,False
52b5d339bbba7bd8f18ca836ab540227,1,credit_card,1,43.08,False
3a1a92434eae60a4f44ad7ebef65c3e7,1,credit_card,1,254.58,False
dc400373e624e9b0435847a79813c658,2,voucher,1,48.91,False
9f1cdc0e091b90e61836ddc009a60ef2,1,credit_card,4,48.22,False
d9952ada4955694cae66806b7d5ac6ca,1,credit_card,6,67.58,False
251d586514cbf0cace61e03c54a7bf1c,1,credit_card,10,311.18,False
0435b65bfd0a1cd1c48a82f5b405ea78,1,credit_card,4,154.14,False
6644170ea0130942cfb3064dce01004a,1,credit_card,2,333.68,False
7c3e71109e904d8e0c8d034456f87eca,1,boleto,1,404.88,False
881206af1a6a9cd34119b99782759dd4,1,boleto,1,44.77,False
f86d7bc39aab05299691322044b63bb2,1,voucher,1,1302.42,False
5f082a502d1fd6f19d32897c2c2cbcec,1,credit_card,10,645.8,False
27a7ac440630f9de788e4d66e72c6424,1,credit_card,1,186.39,False
cc1cc1d6081f7f07a16cc1a3e4ba0b78,1,credit_card,10,208.41,False
76b8568803f110a59ece4167463a4a7e,1,debit_card,1,76.39,False
51e88bc351dd268bb9c9e78d263c4a06,1,credit_card,2,67.42,False
a5b431090739891ac76875d9ad9bff23,1,credit_card,4,232.05,False
ad62ce74c314772d34c956d73fb305f3,1,boleto,1,69.33,False
a669137c06cc23b7962d63be3a2ad6d1,1,credit_card,3,641.2,False
da46439d7d06cf02cb44d0908ecc3575,1,boleto,1,41.86,False
d24e8541128cea179a11a65176e0a96f,1,voucher,1,50.0,False
1c67e99dc37224bf3ad220ae2368c068,1,credit_card,1,106.96,False
4ff8e28200e5a7a50b448cfaaf1f8ed3,1,credit_card,10,2288.31,False
33ebbe6b176d53190194b5b05cf69330,1,boleto,1,69.9,False
2176f1406c11f07dcdea94931730770d,1,boleto,1,88.08,False
08935d5052c6414b1960eb67796d01f5,1,credit_card,4,117.39,False
f553b61e2a7f6dc62c5f8de4ffb4a031,1,debit_card,1,194.91,False
1966886b80f14d0588adf6406afb0026,1,debit_card,1,68.89,False
f6ed483455295c6e7544f141244cd981,1,credit_card,2,151.51,False
bf951e41c5adb873b7fdcc1e83b406bf,1,credit_card,1,54.85,False
32d8aa395f9c9f357e1e3f7b214b9082,1,credit_card,1,103.68,False
b798fc527c548bfa5f069b5b29195275,1,debit_card,1,225.63,False
6c936253ed9ab81f5293da5081ba8a9a,1,boleto,1,39.6,False
dcec2b3be8c3d53056fe63381b2a6cfe,1,credit_card,10,159.18,False
90eaac01afdf4e531a70ad869e092c75,1,credit_card,1,234.43,False
a04639b53f2cbd1f77b63ed44168566e,1,boleto,1,44.83,False
97e8d3eb8f48e3610beed991e5f32296,1,credit_card,4,205.44,False
7cb79316d2abe37e16ec83a07afb2895,1,credit_card,1,13.55,False
7250e10eca3d7f71a091ac5752d3228f,1,credit_card,1,221.96,False
cf8ace9395d2ee06b4b513df8ba682b3,1,credit_card,1,52.38,False
101fa9bbc869f267953a48b0f659dc62,1,credit_card,9,131.47,False
24abd231b3f48073eb9bc660b3eea5fd,1,credit_card,2,38.06,False
bedff73fa5a137527ba9314cac93b7b3,2,voucher,1,35.0,False
808c4b75909ba91f23c1ef928f396822,1,credit_card,3,143.65,False
c1310d06e793969c9dfc72a433db577f,1,credit_card,3,86.73,False
9144181fd06902570ce9c34860652f55,1,credit_card,5,118.35,False
d189b98b9c4f5325db664c5455fe927c,1,credit_card,1,341.58,False
2e2dd1119ebf597a9c05d80b5d6eeace,1,credit_card,2,105.42,False
7354aed5e2d142803a8121059f1e9324,1,credit_card,4,68.16,False
ab85e3c92c828eb802fd91345e45d92e,1,credit_card,10,357.97,False
b80ba0f0c3d2a63feac0116f533cc6a9,3,voucher,1,2.99,False
f0d8a84693b073fa90c69667c924ff8f,1,boleto,1,92.57,False
35bf7f86bc7add201e5b6573052157f0,1,credit_card,2,68.35,False
56ba89857b4e6eb192108f310a81163b,1,credit_card,13,197.23,False
0f67e615d797da223ac5601b9b08b180,1,credit_card,3,153.67,False
440a666da55232dbd02bb270c7ac7d8c,1,credit_card,3,46.43,False
57bfb7a49bcdecb20d9dbb778d7d7590,1,credit_card,4,102.03,False
f6eb6190398bfb32871584bd111dec04,1,credit_card,5,119.45,False
6b58f3523e45f9838f702acbc21e2f51,1,credit_card,1,44.23,False
210a5f61a6a19892f81bb269863f4742,1,credit_card,1,67.5,False
009ac365164f8e06f59d18a08045f6c4,5,voucher,1,8.75,False
f1b7c83171b22e2babd61eb8501d58d5,1,credit_card,2,44.27,False
bb2d7e3141540afc268df7ef6580fc75,1,credit_card,1,37.15,False
1f31fc163d36ff823c54a14e947b5bc8,1,credit_card,2,114.13,False
d4c46523b1239f182b74fb0ea1c27f32,1,credit_card,1,396.97,False
88857d91dc3370190060f4b06041e708,1,credit_card,10,185.85,False
73596e67516934a7fe64cc6ca6d75545,1,credit_card,3,62.11,False
e9da0d015d8dbc78a000c0b78cc87728,1,credit_card,2,25.23,False
e6f98f32bf5e724269a5e9cb2529f2e3,1,credit_card,5,153.22,False
acd76a8508680cbb5d4c04707be03f87,1,debit_card,1,145.01,False
aeb81ccabe4f164a26e763cd5b07fd99,1,boleto,1,70.89,False
d51cbac21a49941976292ba004bf4165,1,credit_card,6,114.34,False
edb14cad806f8ea19a08ed06c26726a2,1,credit_card,2,31.38,False
6225c94031a1e372349fa17f1891317d,1,credit_card,5,256.5,False
c8e19a0edcf6fd34024a2f7fe5f85ef8,1,boleto,1,341.4,False
