month_start,orders,revenue_brl,freight_brl,avg_order_value_brl,orders_mom_pct,revenue_mom_pct,revenue_3m_moving_avg_brl
2017-01-01,787,120098.27,16845.19,152.60,,,120098.27
2017-02-01,1718,244959.35,38602.34,142.58,118.30,103.97,182528.81
2017-03-01,2617,368341.32,57276.64,140.75,52.33,50.37,244466.31
2017-04-01,2377,353842.98,52005.63,148.86,-9.17,-3.94,322381.22
2017-05-01,3640,503159.19,79551.64,138.23,53.13,42.20,408447.83
2017-06-01,3205,429916.61,69735.63,134.14,-11.95,-14.56,428972.93
2017-07-01,3946,492287.30,86466.43,124.76,23.12,14.51,475121.03
2017-08-01,4272,568245.79,93657.73,133.02,8.26,15.43,496816.57
2017-09-01,4227,621415.91,95686.81,147.01,-1.05,9.36,560649.67
2017-10-01,4547,660179.62,104576.41,145.19,7.57,6.24,616613.77
2017-11-01,7421,1003862.14,168329.54,135.27,63.21,52.06,761819.22
2017-12-01,5618,742183.79,119342.98,132.11,-24.30,-26.07,802075.18
2018-01-01,7187,945456.29,156463.72,131.55,27.93,27.39,897167.41
2018-02-01,6624,837895.43,141590.73,126.49,-7.83,-11.38,841845.17
2018-03-01,7168,981051.06,171605.93,136.87,8.21,17.09,921467.59
2018-04-01,6919,993592.98,162655.91,143.60,-3.47,1.28,937513.16
2018-05-01,6833,992871.75,152814.71,145.31,-1.24,-0.07,989171.93
2018-06-01,6145,863265.53,157116.37,140.48,-10.07,-13.05,949910.09
2018-07-01,6233,878044.27,161739.31,140.87,1.43,1.71,911393.85
2018-08-01,6421,848860.10,148113.41,132.20,3.02,-3.32,863389.97
