state,orders,revenue_brl,revenue_share_pct,cumulative_share_pct,avg_order_value_brl
SP,41125,5163867.22,38.27,38.27,125.57
RJ,12697,1811623.42,13.43,51.69,142.68
MG,11496,1573508.20,11.66,63.35,136.87
RS,5415,742559.78,5.50,68.85,137.13
PR,4982,676883.06,5.02,73.87,135.87
SC,3599,518578.28,3.84,77.71,144.09
BA,3344,507108.83,3.76,81.47,151.65
DF,2120,300886.45,2.23,83.70,141.93
GO,1998,287870.46,2.13,85.83,144.08
ES,2018,273532.13,2.03,87.86,135.55
PE,1643,261739.94,1.94,89.80,159.31
CE,1323,226264.06,1.68,91.48,171.02
PA,969,178821.12,1.33,92.80,184.54
MT,902,156313.53,1.16,93.96,173.30
MA,736,119291.62,0.88,94.85,162.08
MS,708,116754.65,0.87,95.71,164.91
PB,531,114874.10,0.85,96.56,216.34
PI,490,86660.09,0.64,97.20,176.86
RN,482,83034.98,0.62,97.82,172.27
AL,411,80314.81,0.60,98.41,195.41
SE,345,58920.85,0.44,98.85,170.79
TO,278,49407.99,0.37,99.22,177.73
RO,246,46031.64,0.34,99.56,187.12
AM,147,22356.84,0.17,99.72,152.09
AC,81,15982.95,0.12,99.84,197.32
AP,68,13474.30,0.10,99.94,198.15
RR,45,7739.44,0.06,100.00,171.99
