category_en,first_time_customers,repeat_rate_pct
home_appliances,690,9.28
fashion_bags_accessories,1726,5.74
furniture_decor,6021,4.70
bed_bath_table,8880,4.49
sports_leisure,7324,3.90
pet_shop,1645,2.98
unknown,1353,2.96
computers_accessories,6415,2.96
garden_tools,3376,2.93
perfumery,3048,2.89
health_beauty,8502,2.81
housewares,5597,2.70
telephony,4076,2.43
toys,3736,2.38
small_appliances,608,2.14
baby,2740,2.12
stationery,2227,2.11
watches_gifts,5424,2.10
construction_tools_construction,713,2.10
auto,3760,2.05
office_furniture,1242,2.01
luggage_accessories,1001,2.00
cool_stuff,3528,1.84
consoles_games,1030,1.75
musical_instruments,605,1.65
electronics,2484,1.61
