state,customers,revenue_brl,avg_spend_per_customer_brl,repeat_rate_pct,revenue_share_pct
SP,39738,5164823.69,129.97,3.14,38.27
RJ,12234,1810723.75,148.01,3.36,13.42
MG,11129,1573383.72,141.38,2.96,11.66
RS,5233,742779.68,141.94,3.13,5.50
PR,4822,677137.07,140.43,2.94,5.02
SC,3498,518007.27,148.09,2.72,3.84
BA,3243,507062.24,156.36,2.81,3.76
DF,2055,300186.26,146.08,2.97,2.22
GO,1933,288755.35,149.38,3.16,2.14
ES,1949,273422.23,140.29,2.92,2.03
PE,1598,261820.61,163.84,2.38,1.94
CE,1301,226495.86,174.09,1.69,1.68
PA,944,178821.12,189.43,2.44,1.33
MT,871,156398.63,179.56,3.33,1.16
MA,714,119006.52,166.68,2.38,0.88
MS,686,116584.75,169.95,2.62,0.86
PB,514,114625.21,223.01,2.14,0.85
PI,478,86660.09,181.30,2.09,0.64
RN,471,83034.98,176.30,2.34,0.62
AL,399,80314.81,201.29,3.01,0.60
SE,338,59244.84,175.28,2.96,0.44
TO,271,49407.99,182.32,2.58,0.37
RO,234,46150.54,197.22,4.27,0.34
AM,142,22356.84,157.44,2.11,0.17
AC,77,15982.95,207.57,5.19,0.12
AP,67,13474.30,201.11,1.49,0.10
RR,44,7739.44,175.90,2.27,0.06
