product_id,category_en,orders,revenue_brl,avg_price_brl,avg_review_score
bb50f2e236e5eea0100680137654686c,health_beauty,187,63885.00,327.62,4.22
6cdd53843498f92890544667809f1595,health_beauty,151,54730.20,350.83,4.32
d6160fb7873f184099d9bc95e30376af,computers,35,48899.34,1397.12,4.57
d1c427060a0f73f6b889a5c7c61f2ac4,computers_accessories,321,46916.51,137.59,4.20
99a4788cb24856965c36a24e339b6058,bed_bath_table,466,42938.66,88.17,3.90
3dd2a17168ec895c781a9191c1e95ad7,computers_accessories,255,41082.60,149.94,4.21
25c38557cf793876c5abdd5931f922db,baby,38,38907.32,1023.88,2.68
5f504b3a1c75b73d6151be81eb05bdc9,cool_stuff,63,37733.90,598.95,4.56
53b36df67ebb7c41585e8d54d6772e08,watches_gifts,306,37683.42,116.67,4.19
aca2eb7d00ea1a7b8ebd4e68314663af,furniture_decor,431,37608.90,71.36,4.02
e0d64dcfaa3b6db5c54ca298ae101d05,watches_gifts,194,31786.82,163.85,3.79
d285360f29ac7fd97640bf0baef03de0,watches_gifts,122,31623.81,257.10,3.72
7a10781637204d8d10485c71a6108a2e,watches_gifts,142,30467.50,213.06,4.08
f1c7f353075ce59d8a6f3cf58f419c9c,bed_bath_table,150,29997.36,194.79,4.38
f819f0c84a64f02d3a5606ca95edd272,watches_gifts,45,29024.48,644.99,4.09
588531f8ec37e7d5ff5b7b22ea0488f8,computers,19,28291.99,1414.60,4.26
422879e10f46682990de24d770e7f83d,garden_tools,352,26577.22,54.91,3.96
16c4e87b98a9370a9cbc3a4658a3f45b,musical_instruments,13,25034.00,1925.69,4.31
5a848e4ab52fd5445cdc07aab1c40e48,unknown,194,24229.03,122.99,4.12
a62e25e09e05e6faf31d90c6ec1aa3d1,watches_gifts,171,23943.00,106.41,3.87
