category_en,items_sold,avg_price_brl,avg_freight_brl,freight_pct_of_price,revenue_brl
electronics,2755,57.02,16.82,29.50,157079.54
furniture_living_room,501,137.00,35.77,26.11,68638.56
drinks,378,59.20,15.14,25.57,22378.71
office_furniture,1690,161.88,40.53,25.04,273580.70
food,509,57.45,14.25,24.80,29243.51
furniture_decor,8298,87.67,20.75,23.67,727465.05
housewares,6915,90.65,21.00,23.17,626825.80
telephony,4527,71.20,15.68,22.01,322342.64
luggage_accessories,1088,128.78,27.93,21.69,140111.38
fashion_bags_accessories,2025,74.88,15.46,20.65,151622.75
garden_tools,4328,111.14,22.76,20.48,481009.94
stationery,2505,91.65,18.59,20.28,229593.84
books_general_interest,546,83.56,16.55,19.81,45622.29
bed_bath_table,11097,93.36,18.42,19.73,1035964.06
market_place,310,91.25,17.44,19.11,28288.47
