product_id,category_en,orders,revenue_brl,avg_review_score,pct_reviews_1_2_stars
25c38557cf793876c5abdd5931f922db,baby,38,38907.32,2.68,54.1
1dec4c88c685d5a07bf01dcb0f8bf9f8,auto,35,19965.00,2.74,50.0
e53e557d5a159f5aa2c5e995dfdf244b,computers_accessories,156,15439.25,3.45,31.7
8ed094bfe076c568f6bb10feada3f75d,office_furniture,49,12947.09,3.44,25.7
36f60d45225e60c7da4558b070ce4b60,computers_accessories,111,11240.96,3.20,37.3
2ffdf10e724b958c0f7ea69e97d32f64,watches_gifts,52,10916.60,3.25,31.4
84f456958365164420cfc80fbe4c7fab,bed_bath_table,106,10304.96,3.30,29.0
2a5806f10d0f00e5ad032dd2e3c8806e,office_furniture,53,9421.45,3.28,31.5
b114bf337c0626166abe574eee9e3f32,office_furniture,30,8348.00,3.22,33.3
b5e13c9a353102f79c6206ff5cb61a50,toys,83,7810.90,2.89,45.1
b1d207586fca400a2370d50a9ba1da98,unknown,43,7152.00,1.92,75.0
a9516a079e37a9c9c36b9b78b10169e8,office_furniture,40,7042.41,3.42,23.7
386486367c1f9d4f587a8864ccb6902b,bed_bath_table,49,6128.25,3.37,33.3
83b00325c13c44245b2c3a2befa62a0e,baby,38,6019.63,3.24,36.8
89b121bee266dcd25688a1ba72eefb61,computers_accessories,62,5433.20,2.40,59.7
9ad75bd7267e5c724cb42c71ac56ca72,bed_bath_table,42,4465.70,2.88,44.2
362b773250263786dd58670d2df42c3b,sports_leisure,49,3782.70,2.92,46.6
704ef63ad0ac345842ea734060a83db2,bed_bath_table,36,3410.50,3.25,36.4
34d6306314a47fe15c1efdbc23302020,computers_accessories,30,2208.00,3.31,34.4
4cc8bfa581f41841ce5e24aba773a44a,bed_bath_table,32,1949.70,3.09,30.3
