category_en,orders,items_sold,revenue_brl,revenue_share_pct,avg_item_price_brl,avg_freight_brl,freight_pct_of_price,avg_review_score
health_beauty,8800,9634,1255695.13,9.31,130.34,18.89,14.49,4.190
watches_gifts,5604,5970,1198185.21,8.88,200.70,16.77,8.35,4.075
bed_bath_table,9399,11097,1035964.06,7.68,93.36,18.42,19.73,3.974
sports_leisure,7673,8590,979740.92,7.26,114.06,19.50,17.10,4.184
computers_accessories,6654,7781,904322.02,6.70,116.22,18.84,16.21,4.039
furniture_decor,6425,8298,727465.05,5.39,87.67,20.75,23.67,4.020
housewares,5847,6915,626825.80,4.65,90.65,21.00,23.17,4.157
cool_stuff,3616,3779,620770.49,4.60,164.27,22.05,13.42,4.181
auto,3872,4204,586585.73,4.35,139.53,21.89,15.69,4.105
garden_tools,3505,4328,481009.94,3.56,111.14,22.76,20.48,4.145
toys,3855,4083,479808.54,3.56,117.51,18.85,16.04,4.207
baby,2868,3043,410312.20,3.04,134.84,22.35,16.57,4.053
perfumery,3146,3402,396599.31,2.94,116.58,15.87,13.61,4.215
telephony,4183,4527,322342.64,2.39,71.20,15.68,22.01,4.010
office_furniture,1272,1690,273580.70,2.03,161.88,40.53,25.04,3.619
stationery,2299,2505,229593.84,1.70,91.65,18.59,20.28,4.256
computers,181,203,222963.13,1.65,1098.34,48.45,4.41,4.174
pet_shop,1706,1942,213766.63,1.58,110.08,20.29,18.44,4.246
small_appliances,622,671,187907.26,1.39,280.04,23.58,8.42,4.204
musical_instruments,620,669,187788.44,1.39,280.70,27.25,9.71,4.210
unknown,1437,1589,178572.55,1.32,112.38,17.59,15.65,3.934
electronics,2543,2755,157079.54,1.16,57.02,16.82,29.50,4.100
consoles_games,1054,1127,154927.27,1.15,137.47,17.49,12.72,4.089
fashion_bags_accessories,1858,2025,151622.75,1.12,74.88,15.46,20.65,4.200
construction_tools_construction,746,927,144550.19,1.07,155.93,22.25,14.27,4.090
luggage_accessories,1030,1088,140111.38,1.04,128.78,27.93,21.69,4.344
home_appliances_2,231,235,110649.74,0.82,470.85,44.28,9.40,4.148
home_construction,489,603,83010.12,0.62,137.66,22.92,16.65,3.967
home_appliances,762,769,80001.24,0.59,104.03,19.21,18.46,4.165
agro_industry_and_commerce,182,212,72530.47,0.54,342.12,27.56,8.06,4.022
furniture_living_room,420,501,68638.56,0.51,137.00,35.77,26.11,4.039
home_confort,397,434,58572.04,0.43,134.96,19.59,14.51,3.861
fixed_telephony,214,261,57824.21,0.43,221.55,17.59,7.94,3.943
air_conditioning,251,295,54723.16,0.41,185.50,22.76,12.27,4.053
audio,349,363,50668.60,0.38,139.58,15.71,11.25,3.844
small_appliances_home_oven_and_coffee,75,76,47445.71,0.35,624.29,36.16,5.79,4.293
kitchen_dining_laundry_garden_furniture,246,279,46070.37,0.34,165.13,42.42,25.69,4.066
books_general_interest,505,546,45622.29,0.34,83.56,16.55,19.81,4.503
construction_tools_lights,243,302,40002.00,0.30,132.46,24.86,18.77,4.138
industry_commerce_and_business,235,268,39669.61,0.29,148.02,29.42,19.88,4.189
construction_tools_safety,165,189,39589.02,0.29,209.47,20.27,9.68,3.872
food,449,509,29243.51,0.22,57.45,14.25,24.80,4.284
market_place,279,310,28288.47,0.21,91.25,17.44,19.11,4.040
costruction_tools_garden,192,234,25552.18,0.19,109.20,22.35,20.47,4.219
art,201,208,24167.64,0.18,116.19,19.37,16.67,4.040
fashion_shoes,238,260,23352.88,0.17,89.82,18.83,20.96,4.235
drinks,296,378,22378.71,0.17,59.20,15.14,25.57,4.166
signaling_and_security,140,199,21509.23,0.16,108.09,32.70,30.26,4.109
furniture_bedroom,95,109,20028.78,0.15,183.75,42.50,23.13,4.137
books_technical,260,267,19096.06,0.14,71.52,16.04,22.43,4.401
costruction_tools_tools,97,103,15903.95,0.12,154.41,19.71,12.77,4.426
food_drink,225,276,15119.48,0.11,54.78,16.26,29.69,4.396
fashion_male_clothing,111,131,10748.82,0.08,82.05,16.37,19.95,3.727
fashion_underwear_beach,121,131,9541.55,0.07,72.84,14.63,20.08,3.933
christmas_supplies,127,152,8787.83,0.07,57.81,21.19,36.66,4.080
tablets_printing_image,79,83,7528.41,0.06,90.70,14.77,16.29,4.156
cine_photo,65,72,6933.46,0.05,96.30,17.45,18.12,4.231
music,38,38,6034.35,0.04,158.80,18.17,11.44,4.211
books_imported,53,60,4639.85,0.03,77.33,12.83,16.59,4.321
dvds_blu_ray,57,62,4559.49,0.03,73.54,20.08,27.30,4.196
party_supplies,39,43,4485.18,0.03,104.31,19.26,18.46,4.000
furniture_mattress_and_upholstery,38,38,4368.08,0.03,114.95,42.91,37.33,3.816
portable_kitchen_food_preparers,13,14,3933.63,0.03,280.97,21.03,7.48,3.615
fashio_female_clothing,39,48,2803.64,0.02,58.41,12.95,22.18,3.692
fashion_sport,27,30,2119.51,0.02,70.65,19.27,27.28,4.259
la_cuisine,13,14,2054.99,0.02,146.79,23.83,16.23,4.250
arts_and_craftmanship,23,24,1814.01,0.01,75.58,15.42,20.40,4.174
diapers_and_hygiene,26,38,1538.79,0.01,40.49,14.80,36.55,3.846
pc_gamer,7,8,1306.95,0.01,163.37,15.39,9.42,3.429
flowers,29,33,1110.04,0.01,33.64,14.81,44.04,4.393
home_comfort_2,24,30,760.27,0.01,25.34,13.68,53.97,3.826
cds_dvds_musicals,12,14,730.00,0.01,52.14,16.07,30.82,4.667
fashion_childrens_clothes,8,8,569.85,0.00,71.23,11.94,16.76,4.500
security_and_services,2,2,283.29,0.00,141.65,20.61,14.55,2.500
