seller_id,reviewed_orders,avg_review_score,pct_1_2_stars,revenue_brl
1ca7077d890b907f89be8c954a02686a,114,2.33,61.4,13191.57
2eb70248d66e0e3ef83659f71b244378,198,2.70,50.0,41182.94
54965bbe3e4f07ae045b90b0b8541f52,74,3.00,44.6,10416.60
a49928bcdf77c55c6d6e05e09a9b4ca5,98,3.01,40.8,8816.70
972d0f9cf61b499a4812cf0bfa3ad3c4,79,3.03,41.8,7748.79
2a1348e9addc1af5aaa619b1a3679d6b,50,3.16,36.0,2563.20
bbad7e518d7af88a0897397ffdca1979,68,3.16,41.2,4442.32
5058e8c1e82653974541e83690655b4a,62,3.24,30.6,9562.84
8444e55c1f13cd5c179851e5ca5ebd00,95,3.33,33.7,21967.96
a7f13822ceb966b076af67121f87b063,74,3.34,29.7,12300.67
0b35c634521043bf4b47e21547b99ab5,50,3.36,36.0,13235.65
710e3548e02bc1d2831dfc4f1b5b14d4,135,3.36,32.6,23869.12
712e6ed8aa4aa1fa65dab41fed5737e4,78,3.38,34.6,39226.00
6fd52c528dcb38be2eea044946b811f8,66,3.39,36.4,7625.68
88460e8ebdecbfecb5f9601833981930,246,3.42,30.9,31320.40
