seller_id,seller_state,orders,revenue_brl,revenue_share_pct,avg_review_score
4869f7a5dfa277a7dca6462dcf3b52b2,SP,1131,229237.63,1.70,4.13
53243585a1d6dc2643021fd1853d8905,BA,358,222776.05,1.65,4.08
4a3ca9315b744ce9f8e9374361493884,SP,1804,200326.12,1.48,3.80
fa1c13f2614d7b5c4749cbc52fecda94,SP,584,192842.13,1.43,4.34
7c67e1448b00f6e969d365cea6b010ab,SP,982,187923.89,1.39,3.35
7e93a43ef30c4f03f38b393420bc753a,SP,332,172583.88,1.28,4.24
da8622b14eb17ae2831f4ac5b9dab84a,SP,1314,160236.57,1.19,4.07
7a67c85e85bb2ce8582c35f2203ad736,SP,1159,141715.54,1.05,4.24
1025f0e2d44d7041d6cf58b6550e0bfa,SP,915,138968.55,1.03,3.85
955fee9216a65b617aa5c0531780ce60,SP,1286,135159.70,1.00,4.05
46dc3b2cc0980fb8ec44634e21d2718e,RJ,518,127161.22,0.94,4.19
6560211a19b47992c3666cc44a7e94c0,SP,1847,122776.83,0.91,3.92
620c87c171fb2a6dd6e8bb4dec959fc6,RJ,732,113659.40,0.84,4.23
7d13fca15225358621be4086e1eb0964,SP,565,113628.97,0.84,4.00
5dceca129747e92ff8ef7a997dc4f8ca,SP,324,112085.63,0.83,4.00
