seller_state,sellers,orders,revenue_brl,revenue_share_pct,avg_review_score,late_item_rate_pct
SP,1822,69854,8687740.35,64.38,4.017,8.52
PR,344,7647,1256874.01,9.31,4.083,6.46
MG,240,7880,1001944.76,7.42,4.121,5.55
RJ,170,4330,837466.37,6.21,4.111,8.11
SC,186,3649,624002.96,4.62,4.110,5.88
RS,129,1983,377726.85,2.80,4.226,4.47
BA,19,567,285332.57,2.11,4.102,5.45
DF,30,821,97100.48,0.72,4.042,6.68
PE,9,405,91463.95,0.68,4.140,4.04
GO,40,460,66251.72,0.49,4.272,3.94
ES,23,317,47629.62,0.35,4.014,6.59
MA,1,392,36408.95,0.27,4.000,23.63
CE,12,90,20175.74,0.15,4.172,8.89
PB,6,36,17095.00,0.13,3.865,5.41
MT,4,137,17070.72,0.13,4.166,4.86
RN,5,51,9992.60,0.07,4.268,10.71
MS,5,49,8551.69,0.06,4.469,8.00
RO,2,14,4762.20,0.04,3.857,0.00
PI,1,12,2522.00,0.02,4.083,0.00
SE,2,9,1606.20,0.01,3.900,0.00
PA,1,8,1238.00,0.01,4.500,12.50
AM,1,3,1177.00,0.01,2.333,66.67
AC,1,1,267.00,0.00,1.000,
