category_en,revenue_brl,freight_pct_of_price,quadrant
health_beauty,1255695.13,14.49,High revenue / normal freight
watches_gifts,1198185.21,8.35,High revenue / normal freight
bed_bath_table,1035964.06,19.73,High revenue / normal freight
sports_leisure,979740.92,17.10,High revenue / normal freight
computers_accessories,904322.02,16.21,High revenue / normal freight
furniture_decor,727465.05,23.67,High revenue / high freight burden
housewares,626825.80,23.17,High revenue / high freight burden
cool_stuff,620770.49,13.42,High revenue / normal freight
auto,586585.73,15.69,High revenue / normal freight
garden_tools,481009.94,20.48,High revenue / normal freight
toys,479808.54,16.04,High revenue / normal freight
baby,410312.20,16.57,High revenue / normal freight
perfumery,396599.31,13.61,High revenue / normal freight
telephony,322342.64,22.01,High revenue / normal freight
office_furniture,273580.70,25.04,High revenue / high freight burden
stationery,229593.84,20.28,High revenue / normal freight
computers,222963.13,4.41,High revenue / normal freight
pet_shop,213766.63,18.44,High revenue / normal freight
small_appliances,187907.26,8.42,High revenue / normal freight
musical_instruments,187788.44,9.71,Normal
unknown,178572.55,15.65,Normal
electronics,157079.54,29.50,Normal revenue / high freight burden
consoles_games,154927.27,12.72,Normal
fashion_bags_accessories,151622.75,20.65,Normal
construction_tools_construction,144550.19,14.27,Normal
luggage_accessories,140111.38,21.69,Normal
home_appliances_2,110649.74,9.40,Normal
home_construction,83010.12,16.65,Normal
home_appliances,80001.24,18.46,Normal
agro_industry_and_commerce,72530.47,8.06,Normal
furniture_living_room,68638.56,26.11,Normal revenue / high freight burden
home_confort,58572.04,14.51,Normal
fixed_telephony,57824.21,7.94,Normal
air_conditioning,54723.16,12.27,Normal
audio,50668.60,11.25,Normal
small_appliances_home_oven_and_coffee,47445.71,5.79,Normal
kitchen_dining_laundry_garden_furniture,46070.37,25.69,Normal revenue / high freight burden
books_general_interest,45622.29,19.81,Normal
construction_tools_lights,40002.00,18.77,Normal
industry_commerce_and_business,39669.61,19.88,Normal
construction_tools_safety,39589.02,9.68,Normal
food,29243.51,24.80,Normal revenue / high freight burden
market_place,28288.47,19.11,Normal
costruction_tools_garden,25552.18,20.47,Normal
art,24167.64,16.67,Normal
fashion_shoes,23352.88,20.96,Normal
drinks,22378.71,25.57,Normal revenue / high freight burden
signaling_and_security,21509.23,30.26,Normal revenue / high freight burden
furniture_bedroom,20028.78,23.13,Normal revenue / high freight burden
books_technical,19096.06,22.43,Normal
costruction_tools_tools,15903.95,12.77,Normal
food_drink,15119.48,29.69,Normal revenue / high freight burden
fashion_male_clothing,10748.82,19.95,Normal
fashion_underwear_beach,9541.55,20.08,Normal
christmas_supplies,8787.83,36.66,Normal revenue / high freight burden
tablets_printing_image,7528.41,16.29,Normal
cine_photo,6933.46,18.12,Normal
music,6034.35,11.44,Normal
books_imported,4639.85,16.59,Normal
dvds_blu_ray,4559.49,27.30,Normal revenue / high freight burden
party_supplies,4485.18,18.46,Normal
furniture_mattress_and_upholstery,4368.08,37.33,Normal revenue / high freight burden
portable_kitchen_food_preparers,3933.63,7.48,Normal
fashio_female_clothing,2803.64,22.18,Normal
fashion_sport,2119.51,27.28,Normal revenue / high freight burden
la_cuisine,2054.99,16.23,Normal
arts_and_craftmanship,1814.01,20.40,Normal
diapers_and_hygiene,1538.79,36.55,Normal revenue / high freight burden
pc_gamer,1306.95,9.42,Normal
flowers,1110.04,44.04,Normal revenue / high freight burden
home_comfort_2,760.27,53.97,Normal revenue / high freight burden
cds_dvds_musicals,730.00,30.82,Normal revenue / high freight burden
fashion_childrens_clothes,569.85,16.76,Normal
security_and_services,283.29,14.55,Normal
