rnk,category_en,revenue_brl,cumulative_pct
1,health_beauty,1255695.13,9.31
2,watches_gifts,1198185.21,18.18
3,bed_bath_table,1035964.06,25.86
4,sports_leisure,979740.92,33.12
5,computers_accessories,904322.02,39.82
6,furniture_decor,727465.05,45.21
7,housewares,626825.80,49.86
8,cool_stuff,620770.49,54.46
9,auto,586585.73,58.81
10,garden_tools,481009.94,62.37
11,toys,479808.54,65.93
12,baby,410312.20,68.97
13,perfumery,396599.31,71.91
14,telephony,322342.64,74.29
15,office_furniture,273580.70,76.32
16,stationery,229593.84,78.02
17,computers,222963.13,79.68
18,pet_shop,213766.63,81.26
19,small_appliances,187907.26,82.65
20,musical_instruments,187788.44,84.04
21,unknown,178572.55,85.37
22,electronics,157079.54,86.53
23,consoles_games,154927.27,87.68
24,fashion_bags_accessories,151622.75,88.80
25,construction_tools_construction,144550.19,89.87
26,luggage_accessories,140111.38,90.91
27,home_appliances_2,110649.74,91.73
28,home_construction,83010.12,92.35
29,home_appliances,80001.24,92.94
30,agro_industry_and_commerce,72530.47,93.48
31,furniture_living_room,68638.56,93.99
32,home_confort,58572.04,94.42
33,fixed_telephony,57824.21,94.85
34,air_conditioning,54723.16,95.25
35,audio,50668.60,95.63
36,small_appliances_home_oven_and_coffee,47445.71,95.98
37,kitchen_dining_laundry_garden_furniture,46070.37,96.32
38,books_general_interest,45622.29,96.66
39,construction_tools_lights,40002.00,96.96
40,industry_commerce_and_business,39669.61,97.25
41,construction_tools_safety,39589.02,97.54
42,food,29243.51,97.76
43,market_place,28288.47,97.97
44,costruction_tools_garden,25552.18,98.16
45,art,24167.64,98.34
46,fashion_shoes,23352.88,98.51
47,drinks,22378.71,98.68
48,signaling_and_security,21509.23,98.84
49,furniture_bedroom,20028.78,98.99
50,books_technical,19096.06,99.13
51,costruction_tools_tools,15903.95,99.25
52,food_drink,15119.48,99.36
53,fashion_male_clothing,10748.82,99.44
54,fashion_underwear_beach,9541.55,99.51
55,christmas_supplies,8787.83,99.57
56,tablets_printing_image,7528.41,99.63
57,cine_photo,6933.46,99.68
58,music,6034.35,99.73
59,books_imported,4639.85,99.76
60,dvds_blu_ray,4559.49,99.79
61,party_supplies,4485.18,99.83
62,furniture_mattress_and_upholstery,4368.08,99.86
63,portable_kitchen_food_preparers,3933.63,99.89
64,fashio_female_clothing,2803.64,99.91
65,fashion_sport,2119.51,99.92
66,la_cuisine,2054.99,99.94
67,arts_and_craftmanship,1814.01,99.95
68,diapers_and_hygiene,1538.79,99.96
69,pc_gamer,1306.95,99.97
70,flowers,1110.04,99.98
71,home_comfort_2,760.27,99.99
72,cds_dvds_musicals,730.00,99.99
73,fashion_childrens_clothes,569.85,100.00
74,security_and_services,283.29,100.00
