category_en,rnk,product_id,revenue_brl
bed_bath_table,1,99a4788cb24856965c36a24e339b6058,42938.66
bed_bath_table,2,f1c7f353075ce59d8a6f3cf58f419c9c,29997.36
bed_bath_table,3,84f456958365164420cfc80fbe4c7fab,10304.96
computers_accessories,1,d1c427060a0f73f6b889a5c7c61f2ac4,46916.51
computers_accessories,2,3dd2a17168ec895c781a9191c1e95ad7,41082.60
computers_accessories,3,e53e557d5a159f5aa2c5e995dfdf244b,15439.25
cool_stuff,1,5f504b3a1c75b73d6151be81eb05bdc9,37733.90
cool_stuff,2,165f86fe8b799a708a20ee4ba125c289,17643.92
cool_stuff,3,601a360bd2a916ecef0e88de72a6531a,15159.81
furniture_decor,1,aca2eb7d00ea1a7b8ebd4e68314663af,37608.90
furniture_decor,2,7814c273ab16783d73a9863ebfa8b141,14772.00
furniture_decor,3,78efe838c04bbc568be034082200ac20,9646.20
health_beauty,1,bb50f2e236e5eea0100680137654686c,63885.00
health_beauty,2,6cdd53843498f92890544667809f1595,54730.20
health_beauty,3,2b4609f8948be18874494203496bc318,22627.23
housewares,1,4aa6014eceb682077f9dc4bffebc05b0,13685.71
housewares,2,42a2c92a0979a949ca4ea89ec5c7b934,10870.10
housewares,3,d696750e550fd0f733979dd7e5dff921,9857.86
sports_leisure,1,b4436da747c3a53ab07ac0e71de17dcd,9594.00
sports_leisure,2,0bbdc963004d9b2fd3427ee3c5ae3608,9070.00
sports_leisure,3,e44f675b60b3a3a2453ec36421e06f0f,8949.10
watches_gifts,1,53b36df67ebb7c41585e8d54d6772e08,37683.42
watches_gifts,2,e0d64dcfaa3b6db5c54ca298ae101d05,31786.82
watches_gifts,3,d285360f29ac7fd97640bf0baef03de0,31623.81
